Workbook
Name DB: #REF!

Sheet 帳票レイアウト Copy
B1: 検査梱包指示書
A3: 品目番号 | B3: J1JAPAB00419960 | C3: Ｌ寸 | D3: 1996 | E3: 名称 | F3: 採光ﾙｰﾊﾞｰﾊﾟﾈﾙB | I3: 上長 | J3: 係員
A5: 製造指図№ | B5: 000000000005329 | E5: 原料名 | F5: (J6VZ027)(J6AH0460)
A7: 発注明細№ | B7: 000000000772794 | E7: 色 名 | F7: WMC(ｸﾘｱ色)
E8: 製品Grp | F8: J1ZA
A9: 開始日 | B9: 45860 | E9: 入り数 | F9: 42
A10: 終了日 | B10: 45860 | E10: 梱包数 | F10: 1 | G10: 指示数量 | H10: 42
E11: 金 型 | F11: 4345
A12: *J1JAPAB00419960* | G12: 格納先 | H12: V3J03 | I12: 樹脂第3倉庫 (在庫)
A14: 指図書備考
A16: 工順 | B16: 製造場所 | C16: 製造場所名 | E16: 工程 | F16: 工程名 | I16: 作業時間
A18: 1 | B18: V3Z01 | C18: 黒部工業 | E18: V3P05 | F18: 切断
A19: 1 | B19: V3Z01 | C19: 黒部工業 | E19: V3P16 | F19: 検査・梱包
A25: 品目コード | C25: 品目名１ | F25: 在庫場所 | G25: 出庫数量 | I25: バッチ必要数
C26: 品目名２ | F26: 指図書備考
A28: J1JAPAA00420400 | C28: @採光ﾙｰﾊﾞｰﾊﾟﾈﾙB | F28: V3W04 | G28: 42 | I28: 1
A29: *J1JAPAA00420400* | C29: (J6VZ027)(J6AH0460)
A30: J6DK0011 | C30: 上-1 | F30: V3J03 | G30: 1.008 | I30: 0.024
A31: *J6DK0011*
A32: J6XX0017 | C32: (管理外)筋入ｸﾗﾌﾄ紙 | G32: 0.042 | I32: 0.001
A33: *J6XX0017* | C33: 600＊100
A38: 製品名 | E38: 備考、梱包方法等 | G38: 使用数 | H38: 加工内容 | J38: 不良内訳
A39: =_xlfn.XLOOKUP(B3,[1]VFDB2!A:A,[1]VFDB2!A:A) -> J1JAPAB00419960 | E39: {=IFERROR(IF(ISBLANK(INDEX(_xlfn._xlws.FILTER([1]加工記録２!$C$3:$C$992, [1]加工記録２!$T$3:$T$992=B5), 6)), "", INDEX(_xlfn._xlws.FILTER([1]加工記録２!$C$3:$C$992, [1]加工記録２!$T$3:$T$992=B5), 6)),"")} -> 上-1 | G39: {=IFERROR(IF(ISBLANK(INDEX(_xlfn._xlws.FILTER([1]加工記録２!$C$3:$C$992, [1]加工記録２!$T$3:$T$992=B5), 7)), " ", INDEX(_xlfn._xlws.FILTER([1]加工記録２!$C$3:$C$992, [1]加工記録２!$T$3:$T$992=B5), 7))," ")} -> 1 | H39: 入庫日 | I39: {=IFERROR(IF(ISBLANK(INDEX(_xlfn._xlws.FILTER([1]加工記録２!$O$3:$P$992, [1]加工記録２!$T$3:$T$992=B5), 1)), "", INDEX(_xlfn._xlws.FILTER([1]加工記録２!$O$3:$P$992, [1]加工記録２!$T$3:$T$992=B5), 1)),"")} -> 45860
H40: 入庫数 | I40: {=IFERROR(IF(ISBLANK(INDEX(_xlfn._xlws.FILTER([1]加工記録２!$O$3:$P$992, [1]加工記録２!$T$3:$T$992=B5), 2)), "", INDEX(_xlfn._xlws.FILTER([1]加工記録２!$O$3:$P$992, [1]加工記録２!$T$3:$T$992=B5), 2)),"")} -> 42
A41: 温度換算 | B41: =_xlfn.XLOOKUP(B3,[1]VFDB2!A:A,[1]VFDB2!J:J) -> 〇 | C41: 取数 | D41: =_xlfn.XLOOKUP(B3,[1]VFDB2!A:A,[1]VFDB2!P:P) -> 1 | E41: =_xlfn.XLOOKUP(B3,[1]VFDB2!A:A,[1]VFDB2!V:V) -> 0 | H41: 使用基材 | I41: {=IFERROR(IF(ISBLANK(INDEX(_xlfn._xlws.FILTER([1]加工記録２!$O$3:$P$992, [1]加工記録２!$T$3:$T$992=B5), 3)), "", INDEX(_xlfn._xlws.FILTER([1]加工記録２!$O$3:$P$992, [1]加工記録２!$T$3:$T$992=B5), 3)),"")} -> 42
H42: 基材不良 | I42: {=IFERROR(IF(ISBLANK(INDEX(_xlfn._xlws.FILTER([1]加工記録２!$O$3:$P$992, [1]加工記録２!$T$3:$T$992=B5), 4)), "", INDEX(_xlfn._xlws.FILTER([1]加工記録２!$O$3:$P$992, [1]加工記録２!$T$3:$T$992=B5), 4)),"")} -> 0
A43: L寸 | B43: =D3 -> 1996 | C43: +公差 | D43: =_xlfn.XLOOKUP(B3,[1]VFDB2!A:A,[1]VFDB2!L:L) -> +2 | E43: =_xlfn.XLOOKUP(B3,[1]VFDB2!A:A,[1]VFDB2!W:W) -> クラフト紙：1996型 | H43: 製品不良 | I43: {=IFERROR(IF(ISBLANK(INDEX(_xlfn._xlws.FILTER([1]加工記録２!$O$3:$P$992, [1]加工記録２!$T$3:$T$992=B5), 5)), "", INDEX(_xlfn._xlws.FILTER([1]加工記録２!$O$3:$P$992, [1]加工記録２!$T$3:$T$992=B5), 5)),"")} -> 0
H44: 端材使用 | I44: {=IFERROR(IF(ISBLANK(INDEX(_xlfn._xlws.FILTER([1]加工記録２!$O$3:$P$992, [1]加工記録２!$T$3:$T$992=B5), 6)), "", INDEX(_xlfn._xlws.FILTER([1]加工記録２!$O$3:$P$992, [1]加工記録２!$T$3:$T$992=B5), 6)),"")} -> 0
A45: 切断寸法 | B45: =_xlfn.XLOOKUP(B3,[1]VFDB2!A:A,[1]VFDB2!AC:AC) -> 換算表確認 | C45: -公差 | D45: =_xlfn.XLOOKUP(B3,[1]VFDB2!A:A,[1]VFDB2!K:K) -> 0 | E45: =_xlfn.XLOOKUP(B3,[1]VFDB2!A:A,[1]VFDB2!R:R) -> ラベル１枚 長手無 鉢巻２回 | H45: 切断者 | I45: {=IFERROR(IF(ISBLANK(INDEX(_xlfn._xlws.FILTER([1]加工記録２!$O$3:$P$992, [1]加工記録２!$T$3:$T$992=B5), 7)), "", INDEX(_xlfn._xlws.FILTER([1]加工記録２!$O$3:$P$992, [1]加工記録２!$T$3:$T$992=B5), 7)),"")} -> 富田・水野
H46: 検査者 | I46: {=IFERROR(IF(ISBLANK(INDEX(_xlfn._xlws.FILTER([1]加工記録２!$O$3:$P$992, [1]加工記録２!$T$3:$T$992=B5), 8)), "", INDEX(_xlfn._xlws.FILTER([1]加工記録２!$O$3:$P$992, [1]加工記録２!$T$3:$T$992=B5), 8)),"")} -> 上野 | J46: 0
A47: 作業日 | B47: 計測Lot | C47: 温度 | D47: 換算寸法 | E47: 計測値 | F47: 使用Lot | G47: 加工数 | H47: 基材換算 | I47: 加工Lot | J47: 箱数
A48: {=IFERROR(IF(ISBLANK(INDEX(_xlfn._xlws.FILTER([1]加工記録２!$D$3:$M$992, [1]加工記録２!$T$3:$T$992=B5), 1)), "", INDEX(_xlfn._xlws.FILTER([1]加工記録２!$D$3:$M$992, [1]加工記録２!$T$3:$T$992=B5), 1)),"")} -> 45667 | B48: 25A07-03 | F48: 25A07-03 | G48: 34 | H48: 34 | I48: 45860 | J48: 1
A49: {=IFERROR(IF(ISBLANK(INDEX(_xlfn._xlws.FILTER([1]加工記録２!$D$3:$M$992, [1]加工記録２!$T$3:$T$992=B5), 2)), "", INDEX(_xlfn._xlws.FILTER([1]加工記録２!$D$3:$M$992, [1]加工記録２!$T$3:$T$992=B5), 2)),"")} -> 45856 | B49: 25G16-01 | C49: 30 | D49: 1998.3 | E49: 1998.3 | F49: 25G16-01 | G49: 8 | H49: 8
A50: {=IFERROR(IF(ISBLANK(INDEX(_xlfn._xlws.FILTER([1]加工記録２!$D$3:$M$992, [1]加工記録２!$T$3:$T$992=B5), 3)), "", INDEX(_xlfn._xlws.FILTER([1]加工記録２!$D$3:$M$992, [1]加工記録２!$T$3:$T$992=B5), 3)),"")} -> 45856 | B50: 25G16-01 | C50: 30 | D50: 1998.3 | E50: 1998.3 | H50: 0
A51: {=IFERROR(IF(ISBLANK(INDEX(_xlfn._xlws.FILTER([1]加工記録２!$D$3:$M$992, [1]加工記録２!$T$3:$T$992=B5), 4)), "", INDEX(_xlfn._xlws.FILTER([1]加工記録２!$D$3:$M$992, [1]加工記録２!$T$3:$T$992=B5), 4)),"")} | H51: 0
A52: {=IFERROR(IF(ISBLANK(INDEX(_xlfn._xlws.FILTER([1]加工記録２!$D$3:$M$992, [1]加工記録２!$T$3:$T$992=B5), 5)), "", INDEX(_xlfn._xlws.FILTER([1]加工記録２!$D$3:$M$992, [1]加工記録２!$T$3:$T$992=B5), 5)),"")} | H52: 0
A53: {=IFERROR(IF(ISBLANK(INDEX(_xlfn._xlws.FILTER([1]加工記録２!$D$3:$M$992, [1]加工記録２!$T$3:$T$992=B5), 6)), "", INDEX(_xlfn._xlws.FILTER([1]加工記録２!$D$3:$M$992, [1]加工記録２!$T$3:$T$992=B5), 6)),"")} | H53: 0 | I53: 旧品加工 | J53: 34
A54: {=IFERROR(IF(ISBLANK(INDEX(_xlfn._xlws.FILTER([1]加工記録２!$D$3:$M$992, [1]加工記録２!$T$3:$T$992=B5), 7)), "", INDEX(_xlfn._xlws.FILTER([1]加工記録２!$D$3:$M$992, [1]加工記録２!$T$3:$T$992=B5), 7)),"")} | H54: 0 | I54: 持出端材
A55: {=IFERROR(IF(ISBLANK(INDEX(_xlfn._xlws.FILTER([1]加工記録２!$D$3:$M$992, [1]加工記録２!$T$3:$T$992=B5), 8)), "", INDEX(_xlfn._xlws.FILTER([1]加工記録２!$D$3:$M$992, [1]加工記録２!$T$3:$T$992=B5), 8)),"")} | H55: 0 | I55: α端材 | J55: 0
B58: 検査梱包指示書
A60: 品目番号 | B60: J1JAPAB00419960 | C60: Ｌ寸 | D60: 1996 | E60: 名称 | F60: 採光ﾙｰﾊﾞｰﾊﾟﾈﾙB | I60: 上長 | J60: 係員
A62: 製造指図№ | B62: 000000000005330-1 | E62: 原料名 | F62: (J6VZ027)(J6AH0460)
A64: 発注明細№ | B64: 000000000772795 | E64: 色 名 | F64: WMC(ｸﾘｱ色)
E65: 製品Grp | F65: J1ZA
A66: 開始日 | B66: 45870 | E66: 入り数 | F66: 42
A67: 終了日 | B67: 45870 | E67: 梱包数 | F67: 20 | G67: 指示数量 | H67: 840
E68: 金 型 | F68: 4345
A69: *J1JAPAB00419960* | G69: 格納先 | H69: V3J03 | I69: 樹脂第3倉庫 (在庫)
A71: 指図書備考
A73: 工順 | B73: 製造場所 | C73: 製造場所名 | E73: 工程 | F73: 工程名 | I73: 作業時間
A75: 1 | B75: V3Z01 | C75: 黒部工業 | E75: V3P05 | F75: 切断
A76: 1 | B76: V3Z01 | C76: 黒部工業 | E76: V3P16 | F76: 検査・梱包
A82: 品目コード | C82: 品目名１ | F82: 在庫場所 | G82: 出庫数量 | I82: バッチ必要数
C83: 品目名２ | F83: 指図書備考
A85: J1JAPAA00420400 | C85: @採光ﾙｰﾊﾞｰﾊﾟﾈﾙB | F85: V3W04 | G85: 840 | I85: 20
A86: *J1JAPAA00420400* | C86: (J6VZ027)(J6AH0460)
A87: J6DK0011 | C87: 上-1 | F87: V3J03 | G87: 20.16 | I87: 0.48
A88: *J6DK0011*
A89: J6XX0017 | C89: (管理外)筋入ｸﾗﾌﾄ紙 | G89: 0.84 | I89: 0.02
A90: *J6XX0017* | C90: 600＊100
A95: 製品名 | E95: 備考、梱包方法等 | G95: 使用数 | H95: 加工内容 | J95: 不良内訳
A96: =_xlfn.XLOOKUP(B60,[1]VFDB2!A:A,[1]VFDB2!A:A) -> J1JAPAB00419960 | E96: {=IFERROR(IF(ISBLANK(INDEX(_xlfn._xlws.FILTER([1]加工記録２!$C$3:$C$992, [1]加工記録２!$T$3:$T$992=B62), 6)), "", INDEX(_xlfn._xlws.FILTER([1]加工記録２!$C$3:$C$992, [1]加工記録２!$T$3:$T$992=B62), 6)),"")} -> 上-1 | G96: {=IFERROR(IF(ISBLANK(INDEX(_xlfn._xlws.FILTER([1]加工記録２!$C$3:$C$992, [1]加工記録２!$T$3:$T$992=B62), 7)), " ", INDEX(_xlfn._xlws.FILTER([1]加工記録２!$C$3:$C$992, [1]加工記録２!$T$3:$T$992=B62), 7))," ")} -> 2 | H96: 入庫日 | I96: {=IFERROR(IF(ISBLANK(INDEX(_xlfn._xlws.FILTER([1]加工記録２!$O$3:$P$992, [1]加工記録２!$T$3:$T$992=B62), 1)), "", INDEX(_xlfn._xlws.FILTER([1]加工記録２!$O$3:$P$992, [1]加工記録２!$T$3:$T$992=B62), 1)),"")} -> 45860
H97: 入庫数 | I97: {=IFERROR(IF(ISBLANK(INDEX(_xlfn._xlws.FILTER([1]加工記録２!$O$3:$P$992, [1]加工記録２!$T$3:$T$992=B62), 2)), "", INDEX(_xlfn._xlws.FILTER([1]加工記録２!$O$3:$P$992, [1]加工記録２!$T$3:$T$992=B62), 2)),"")} -> 84 | J97: 11
A98: 温度換算 | B98: =_xlfn.XLOOKUP(B60,[1]VFDB2!A:A,[1]VFDB2!J:J) -> 〇 | C98: 取数 | D98: =_xlfn.XLOOKUP(B60,[1]VFDB2!A:A,[1]VFDB2!P:P) -> 1 | E98: =_xlfn.XLOOKUP(B60,[1]VFDB2!A:A,[1]VFDB2!V:V) -> 0 | H98: 使用基材 | I98: {=IFERROR(IF(ISBLANK(INDEX(_xlfn._xlws.FILTER([1]加工記録２!$O$3:$P$992, [1]加工記録２!$T$3:$T$992=B62), 3)), "", INDEX(_xlfn._xlws.FILTER([1]加工記録２!$O$3:$P$992, [1]加工記録２!$T$3:$T$992=B62), 3)),"")} -> 96
H99: 基材不良 | I99: {=IFERROR(IF(ISBLANK(INDEX(_xlfn._xlws.FILTER([1]加工記録２!$O$3:$P$992, [1]加工記録２!$T$3:$T$992=B62), 4)), "", INDEX(_xlfn._xlws.FILTER([1]加工記録２!$O$3:$P$992, [1]加工記録２!$T$3:$T$992=B62), 4)),"")} -> 12
A100: L寸 | B100: =D60 -> 1996 | C100: +公差 | D100: =_xlfn.XLOOKUP(B60,[1]VFDB2!A:A,[1]VFDB2!L:L) -> +2 | E100: =_xlfn.XLOOKUP(B60,[1]VFDB2!A:A,[1]VFDB2!W:W) -> クラフト紙：1996型 | H100: 製品不良 | I100: {=IFERROR(IF(ISBLANK(INDEX(_xlfn._xlws.FILTER([1]加工記録２!$O$3:$P$992, [1]加工記録２!$T$3:$T$992=B62), 5)), "", INDEX(_xlfn._xlws.FILTER([1]加工記録２!$O$3:$P$992, [1]加工記録２!$T$3:$T$992=B62), 5)),"")} -> 12
H101: 端材使用 | I101: {=IFERROR(IF(ISBLANK(INDEX(_xlfn._xlws.FILTER([1]加工記録２!$O$3:$P$992, [1]加工記録２!$T$3:$T$992=B62), 6)), "", INDEX(_xlfn._xlws.FILTER([1]加工記録２!$O$3:$P$992, [1]加工記録２!$T$3:$T$992=B62), 6)),"")} -> 0
A102: 切断寸法 | B102: =_xlfn.XLOOKUP(B60,[1]VFDB2!A:A,[1]VFDB2!AC:AC) -> 換算表確認 | C102: -公差 | D102: =_xlfn.XLOOKUP(B60,[1]VFDB2!A:A,[1]VFDB2!K:K) -> 0 | E102: =_xlfn.XLOOKUP(B60,[1]VFDB2!A:A,[1]VFDB2!R:R) -> ラベル１枚 長手無 鉢巻２回 | H102: 切断者 | I102: {=IFERROR(IF(ISBLANK(INDEX(_xlfn._xlws.FILTER([1]加工記録２!$O$3:$P$992, [1]加工記録２!$T$3:$T$992=B62), 7)), "", INDEX(_xlfn._xlws.FILTER([1]加工記録２!$O$3:$P$992, [1]加工記録２!$T$3:$T$992=B62), 7)),"")} -> 富田・水野 | J102: 1
H103: 検査者 | I103: {=IFERROR(IF(ISBLANK(INDEX(_xlfn._xlws.FILTER([1]加工記録２!$O$3:$P$992, [1]加工記録２!$T$3:$T$992=B62), 8)), "", INDEX(_xlfn._xlws.FILTER([1]加工記録２!$O$3:$P$992, [1]加工記録２!$T$3:$T$992=B62), 8)),"")} -> 上野 | J103: 12
A104: 作業日 | B104: 計測Lot | C104: 温度 | D104: 換算寸法 | E104: 計測値 | F104: 使用Lot | G104: 加工数 | H104: 基材換算 | I104: 加工Lot | J104: 箱数
A105: {=IFERROR(IF(ISBLANK(INDEX(_xlfn._xlws.FILTER([1]加工記録２!$D$3:$M$992, [1]加工記録２!$T$3:$T$992=B62), 1)), "", INDEX(_xlfn._xlws.FILTER([1]加工記録２!$D$3:$M$992, [1]加工記録２!$T$3:$T$992=B62), 1)),"")} | F105: 0 | G105: 0 | H105: 0 | I105: 45860 | J105: 2
A106: {=IFERROR(IF(ISBLANK(INDEX(_xlfn._xlws.FILTER([1]加工記録２!$D$3:$M$992, [1]加工記録２!$T$3:$T$992=B62), 2)), "", INDEX(_xlfn._xlws.FILTER([1]加工記録２!$D$3:$M$992, [1]加工記録２!$T$3:$T$992=B62), 2)),"")} -> 45860 | B106: 25G16-01 | C106: 28 | D106: 1998.04 | E106: 1998.1 | F106: 25G16-01 | G106: 96 | H106: 96
A107: {=IFERROR(IF(ISBLANK(INDEX(_xlfn._xlws.FILTER([1]加工記録２!$D$3:$M$992, [1]加工記録２!$T$3:$T$992=B62), 3)), "", INDEX(_xlfn._xlws.FILTER([1]加工記録２!$D$3:$M$992, [1]加工記録２!$T$3:$T$992=B62), 3)),"")} -> 45860 | B107: 25G16-01 | C107: 28 | D107: 1998.04 | E107: 1998 | H107: 0
A108: {=IFERROR(IF(ISBLANK(INDEX(_xlfn._xlws.FILTER([1]加工記録２!$D$3:$M$992, [1]加工記録２!$T$3:$T$992=B62), 4)), "", INDEX(_xlfn._xlws.FILTER([1]加工記録２!$D$3:$M$992, [1]加工記録２!$T$3:$T$992=B62), 4)),"")} | H108: 0
A109: {=IFERROR(IF(ISBLANK(INDEX(_xlfn._xlws.FILTER([1]加工記録２!$D$3:$M$992, [1]加工記録２!$T$3:$T$992=B62), 5)), "", INDEX(_xlfn._xlws.FILTER([1]加工記録２!$D$3:$M$992, [1]加工記録２!$T$3:$T$992=B62), 5)),"")} | H109: 0
A110: {=IFERROR(IF(ISBLANK(INDEX(_xlfn._xlws.FILTER([1]加工記録２!$D$3:$M$992, [1]加工記録２!$T$3:$T$992=B62), 6)), "", INDEX(_xlfn._xlws.FILTER([1]加工記録２!$D$3:$M$992, [1]加工記録２!$T$3:$T$992=B62), 6)),"")} | H110: 0 | I110: 旧品加工
A111: {=IFERROR(IF(ISBLANK(INDEX(_xlfn._xlws.FILTER([1]加工記録２!$D$3:$M$992, [1]加工記録２!$T$3:$T$992=B62), 7)), "", INDEX(_xlfn._xlws.FILTER([1]加工記録２!$D$3:$M$992, [1]加工記録２!$T$3:$T$992=B62), 7)),"")} | H111: 0 | I111: 持出端材
A112: {=IFERROR(IF(ISBLANK(INDEX(_xlfn._xlws.FILTER([1]加工記録２!$D$3:$M$992, [1]加工記録２!$T$3:$T$992=B62), 8)), "", INDEX(_xlfn._xlws.FILTER([1]加工記録２!$D$3:$M$992, [1]加工記録２!$T$3:$T$992=B62), 8)),"")} | H112: 0 | I112: α端材 | J112: 0
B115: 検査梱包指示書
A117: 品目番号 | B117: J1JAPAB00419960 | C117: Ｌ寸 | D117: 1996 | E117: 名称 | F117: 採光ﾙｰﾊﾞｰﾊﾟﾈﾙB | I117: 上長 | J117: 係員
A119: 製造指図№ | B119: 000000000005330-2-1 | E119: 原料名 | F119: (J6VZ027)(J6AH0460)
A121: 発注明細№ | B121: 000000000772795 | E121: 色 名 | F121: WMC(ｸﾘｱ色)
E122: 製品Grp | F122: J1ZA
A123: 開始日 | B123: 45870 | E123: 入り数 | F123: 42
A124: 終了日 | B124: 45870 | E124: 梱包数 | F124: 20 | G124: 指示数量 | H124: 840
E125: 金 型 | F125: 4345
A126: *J1JAPAB00419960* | G126: 格納先 | H126: V3J03 | I126: 樹脂第3倉庫 (在庫)
A128: 指図書備考
A130: 工順 | B130: 製造場所 | C130: 製造場所名 | E130: 工程 | F130: 工程名 | I130: 作業時間
A132: 1 | B132: V3Z01 | C132: 黒部工業 | E132: V3P05 | F132: 切断
A133: 1 | B133: V3Z01 | C133: 黒部工業 | E133: V3P16 | F133: 検査・梱包
A139: 品目コード | C139: 品目名１ | F139: 在庫場所 | G139: 出庫数量 | I139: バッチ必要数
C140: 品目名２ | F140: 指図書備考
A142: J1JAPAA00420400 | C142: @採光ﾙｰﾊﾞｰﾊﾟﾈﾙB | F142: V3W04 | G142: 840 | I142: 20
A143: *J1JAPAA00420400* | C143: (J6VZ027)(J6AH0460)
A144: J6DK0011 | C144: 上-1 | F144: V3J03 | G144: 20.16 | I144: 0.48
A145: *J6DK0011*
A146: J6XX0017 | C146: (管理外)筋入ｸﾗﾌﾄ紙 | G146: 0.84 | I146: 0.02
A147: *J6XX0017* | C147: 600＊100
A152: 製品名 | E152: 備考、梱包方法等 | G152: 使用数 | H152: 加工内容 | J152: 不良内訳
...
