Workbook
Name DB: #REF!

Sheet 帳票レイアウト Copy
B1: 検査梱包指示書
A3: 品目番号 | B3: J1JAZZB10808880 | C3: Ｌ寸 | D3: 888 | E3: 名称 | F3: 8FL2813045010 | I3: 上長 | J3: 係員
A5: 製造指図№ | B5: 000000000012711 | E5: 原料名 | F5: (CASE 888MILK-W4)
A7: 発注明細№ | B7: 000000000837569 | E7: 色 名 | F7: J6VZ034
E8: 製品Grp | F8: J1ZB
A9: 開始日 | B9: 46092 | E9: 入り数 | F9: 100
A10: 終了日 | B10: 46092 | E10: 梱包数 | F10: 1 | G10: 指示数量 | H10: 100
E11: 金 型 | F11: 4350
A12: *J1JAZZB10808880* | G12: 格納先 | H12: V3J03 | I12: 樹脂第3倉庫 (在庫)
A14: 指図書備考
A16: 工順 | B16: 製造場所 | C16: 製造場所名 | E16: 工程 | F16: 工程名 | I16: 作業時間
A18: 1 | B18: V3Z01 | C18: 黒部工業 | E18: V3P05 | F18: 切断
A19: 1 | B19: V3Z01 | C19: 黒部工業 | E19: V3P16 | F19: 検査・梱包
A25: 品目コード | C25: 品目名１ | F25: 在庫場所 | G25: 出庫数量 | I25: バッチ必要数
C26: 品目名２ | F26: 指図書備考
A28: J1JAZZA10818200 | C28: @8FL28130 L1820 | F28: V3J04 | G28: 50 | I28: 0.5
A29: *J1JAZZA10818200*
A30: J6DW0089 | C30: LED-A888 898X275X166 | F30: V3Z01 | G30: 1 | I30: 0.01
A31: *J6DW0089* | C31: L888×W275×H166
A32: J6XX0044 | C32: (管理外)筋入ｸﾗﾌﾄ紙 | G32: 11 | I32: 0.11
A33: *J6XX0044* | C33: 400＊900
A34: J6XX0051 | C34: (管理外)LLDPE規格ｼｰﾄ0.02×950×100m | G34: 0.1 | I34: 0.001
A35: *J6XX0051* | C35: 0.02×950×100m
A38: 温度換算 | B38: L寸 | C38: 梱包箱 | E38: 使用数 | F38: 作業者 | G38: 加工Lot | H38: 箱数 | I38: 加工明細
A39: =_xlfn.XLOOKUP(B3,[1]VFDB2!$A:$A,[1]VFDB2!$J:$J) -> 〇 | B39: =D3 -> 888 | C39: =_xlfn.XLOOKUP(B3,[1]VFDB2!$A:$A,[1]VFDB2!$Z:$Z) -> LED-A888 | E39: {=IFERROR(INDEX(_xlfn._xlws.FILTER([2]加工記録２!C:C,[2]加工記録２!U:U=B5),9),"")} | F39: {=IFERROR("切断加工：" &_xlfn.TEXTJOIN(" / ",TRUE,INDEX(_xlfn._xlws.FILTER([2]加工記録２!M:M,[2]加工記録２!U:U=B5),9),INDEX(_xlfn._xlws.FILTER([2]加工記録２!N:N,[2]加工記録２!U:U=B5),9)),"")} | G39: {=IFERROR(IF(_xlfn.TAKE(_xlfn._xlws.FILTER([2]加工記録２!$M:$N,[2]加工記録２!$U:$U=B5),5)=0,"",_xlfn.TAKE(_xlfn._xlws.FILTER([2]加工記録２!$M:$N,[2]加工記録２!$U:$U=B5),5)),"")} | I39: 入庫日 | J39: {=IFERROR(INDEX(_xlfn._xlws.FILTER([2]加工記録２!P:P, [2]加工記録２!U:U=B5),_xlfn.SEQUENCE(6)),"")}
A40: +公差 | B40: 切断寸法 | F40: {=IFERROR("外観検査：" &_xlfn.TEXTJOIN(" / ",TRUE,INDEX(_xlfn._xlws.FILTER([2]加工記録２!M:M,[2]加工記録２!U:U=B5),10),INDEX(_xlfn._xlws.FILTER([2]加工記録２!N:N,[2]加工記録２!U:U=B5),10)),"")} | I40: 入庫数
A41: =_xlfn.XLOOKUP(B3,[1]VFDB2!$A:$A,[1]VFDB2!$L:$L) -> +0.5 | B41: =_xlfn.XLOOKUP(B3,[1]VFDB2!$A:$A,[1]VFDB2!$AC:$AC) -> 換算表確認 | C41: 梱包 方法 | D41: =_xlfn.XLOOKUP(B3,[1]VFDB2!$A:$A,[1]VFDB2!$W:$W) -> L=888用 クラフト紙 | I41: 使用基材数
A42: -公差 | B42: 取数 | D42: =_xlfn.XLOOKUP(B3,[1]VFDB2!$A:$A,[1]VFDB2!$R:$R) -> ラベル１枚 長手無 鉢巻１回 | I42: 製品不良
A43: =_xlfn.XLOOKUP(B3,[1]VFDB2!$A:$A,[1]VFDB2!$K:$K) -> －0.5 | B43: =_xlfn.XLOOKUP(B3,[1]VFDB2!$A:$A,[1]VFDB2!$P:$P) -> 2 | C43: 備考 | D43: =_xlfn.XLOOKUP(B3,[1]VFDB2!$A:$A,[1]VFDB2!$V:$V) -> 1箱目の梱包数 目視確認 以降、重量測定 | I43: 基材不良
A44: 作業日 | B44: {=IF(SUM(--(ISTEXT(B45:B55)*(B45:B55<>"")))=0,"計測Lot","計測Lot・加工数")} -> 計測Lot | C44: 温度 | D44: 換算 | E44: 計測値 | F44: {=IF(SUM(--(ISTEXT(B45:B55)*(B45:B55<>"")))=0,"記入不要","使用Lot")} -> 記入不要 | G44: 加工数 | H44: 基材換算 | I44: 端材使用
A45: {=IFERROR(INDEX(_xlfn._xlws.FILTER([2]加工記録２!$D:$D,[2]加工記録２!$U:$U=B5),_xlfn.SEQUENCE(11),0),"")} | B45: {=IFERROR(IF(INDEX(_xlfn._xlws.FILTER([2]加工記録２!$E:$E,[2]加工記録２!$U:$U=B5),_xlfn.SEQUENCE(11))="","",INDEX(_xlfn._xlws.FILTER([2]加工記録２!$E:$E,[2]加工記録２!$U:$U=B5),_xlfn.SEQUENCE(11)) & IF(INDEX(_xlfn._xlws.FILTER([2]加工記録２!$F:$F,[2]加工記録２!$U:$U=B5),_xlfn.SEQUENCE(11))="","", " × " & INDEX(_xlfn._xlws.FILTER([2]加工記録２!$F:$F,[2]加工記録２!$U:$U=B5),_xlfn.SEQUENCE(11)))),"")} | I45: 不良内訳
I46: キズ | J46: {=IFERROR(INDEX(_xlfn._xlws.FILTER([2]加工記録２!R:R, [2]加工記録２!U:U=B5),_xlfn.SEQUENCE(10)),"")}
I47: 凹み
I48: 異物
I49: 欠け
I50: メヤニ
I51: ベコツキ
I52: 汚損
I53: 形状異常
I54: その他
I55: 合計
B58: 検査梱包指示書
A60: 品目番号 | B60: J1JAZZB10808880 | C60: Ｌ寸 | D60: 888 | E60: 名称 | F60: 8FL2813045010 | I60: 上長 | J60: 係員
A62: 製造指図№ | B62: 000000000012712 | E62: 原料名 | F62: (CASE 888MILK-W4)
A64: 発注明細№ | B64: 000000000837570 | E64: 色 名 | F64: J6VZ034
E65: 製品Grp | F65: J1ZB
A66: 開始日 | B66: 46098 | E66: 入り数 | F66: 100
A67: 終了日 | B67: 46098 | E67: 梱包数 | F67: 4 | G67: 指示数量 | H67: 400
E68: 金 型 | F68: 4350
A69: *J1JAZZB10808880* | G69: 格納先 | H69: V3J03 | I69: 樹脂第3倉庫 (在庫)
A71: 指図書備考
A73: 工順 | B73: 製造場所 | C73: 製造場所名 | E73: 工程 | F73: 工程名 | I73: 作業時間
A75: 1 | B75: V3Z01 | C75: 黒部工業 | E75: V3P05 | F75: 切断
A76: 1 | B76: V3Z01 | C76: 黒部工業 | E76: V3P16 | F76: 検査・梱包
A82: 品目コード | C82: 品目名１ | F82: 在庫場所 | G82: 出庫数量 | I82: バッチ必要数
C83: 品目名２ | F83: 指図書備考
A85: J1JAZZA10818200 | C85: @8FL28130 L1820 | F85: V3J04 | G85: 200 | I85: 2
A86: *J1JAZZA10818200*
A87: J6DW0089 | C87: LED-A888 898X275X166 | F87: V3Z01 | G87: 4 | I87: 0.04
A88: *J6DW0089* | C88: L888×W275×H166
A89: J6XX0044 | C89: (管理外)筋入ｸﾗﾌﾄ紙 | G89: 44 | I89: 0.44
A90: *J6XX0044* | C90: 400＊900
A91: J6XX0051 | C91: (管理外)LLDPE規格ｼｰﾄ0.02×950×100m | G91: 0.4 | I91: 0.004
A92: *J6XX0051* | C92: 0.02×950×100m
A95: 温度換算 | B95: L寸 | C95: 梱包箱 | E95: 使用数 | F95: 作業者 | G95: 加工Lot | H95: 箱数 | I95: 加工明細
A96: =_xlfn.XLOOKUP(B60,[1]VFDB2!$A:$A,[1]VFDB2!$J:$J) -> 〇 | B96: =D60 -> 888 | C96: =_xlfn.XLOOKUP(B60,[1]VFDB2!$A:$A,[1]VFDB2!$Z:$Z) -> LED-A888 | E96: {=IFERROR(INDEX(_xlfn._xlws.FILTER([2]加工記録２!C:C,[2]加工記録２!U:U=B62),9),"")} | F96: {=IFERROR("切断加工：" &_xlfn.TEXTJOIN(" / ",TRUE,INDEX(_xlfn._xlws.FILTER([2]加工記録２!M:M,[2]加工記録２!U:U=B62),9),INDEX(_xlfn._xlws.FILTER([2]加工記録２!N:N,[2]加工記録２!U:U=B62),9)),"")} | G96: {=IFERROR(IF(_xlfn.TAKE(_xlfn._xlws.FILTER([2]加工記録２!$M:$N,[2]加工記録２!$U:$U=B62),5)=0,"",_xlfn.TAKE(_xlfn._xlws.FILTER([2]加工記録２!$M:$N,[2]加工記録２!$U:$U=B62),5)),"")} | I96: 入庫日 | J96: {=IFERROR(INDEX(_xlfn._xlws.FILTER([2]加工記録２!P:P, [2]加工記録２!U:U=B62),_xlfn.SEQUENCE(6)),"")}
A97: +公差 | B97: 切断寸法 | F97: {=IFERROR("外観検査：" &_xlfn.TEXTJOIN(" / ",TRUE,INDEX(_xlfn._xlws.FILTER([2]加工記録２!M:M,[2]加工記録２!U:U=B62),10),INDEX(_xlfn._xlws.FILTER([2]加工記録２!N:N,[2]加工記録２!U:U=B62),10)),"")} | I97: 入庫数
A98: =_xlfn.XLOOKUP(B60,[1]VFDB2!$A:$A,[1]VFDB2!$L:$L) -> +0.5 | B98: =_xlfn.XLOOKUP(B60,[1]VFDB2!$A:$A,[1]VFDB2!$AC:$AC) -> 換算表確認 | C98: 梱包 方法 | D98: =_xlfn.XLOOKUP(B60,[1]VFDB2!$A:$A,[1]VFDB2!$W:$W) -> L=888用 クラフト紙 | I98: 使用基材数
A99: -公差 | B99: 取数 | D99: =_xlfn.XLOOKUP(B60,[1]VFDB2!$A:$A,[1]VFDB2!$R:$R) -> ラベル１枚 長手無 鉢巻１回 | I99: 製品不良
A100: =_xlfn.XLOOKUP(B60,[1]VFDB2!$A:$A,[1]VFDB2!$K:$K) -> －0.5 | B100: =_xlfn.XLOOKUP(B60,[1]VFDB2!$A:$A,[1]VFDB2!$P:$P) -> 2 | C100: 備考 | D100: =_xlfn.XLOOKUP(B60,[1]VFDB2!$A:$A,[1]VFDB2!$V:$V) -> 1箱目の梱包数 目視確認 以降、重量測定 | I100: 基材不良
A101: 作業日 | B101: {=IF(SUM(--(ISTEXT(B102:B112)*(B102:B112<>"")))=0,"計測Lot","計測Lot・加工数")} -> 計測Lot | C101: 温度 | D101: 換算 | E101: 計測値 | F101: {=IF(SUM(--(ISTEXT(B102:B112)*(B102:B112<>"")))=0,"記入不要","使用Lot")} -> 記入不要 | G101: 加工数 | H101: 基材換算 | I101: 端材使用
A102: {=IFERROR(INDEX(_xlfn._xlws.FILTER([2]加工記録２!$D:$D,[2]加工記録２!$U:$U=B62),_xlfn.SEQUENCE(11),0),"")} | B102: {=IFERROR(IF(INDEX(_xlfn._xlws.FILTER([2]加工記録２!$E:$E,[2]加工記録２!$U:$U=B62),_xlfn.SEQUENCE(11))="","",INDEX(_xlfn._xlws.FILTER([2]加工記録２!$E:$E,[2]加工記録２!$U:$U=B62),_xlfn.SEQUENCE(11)) & IF(INDEX(_xlfn._xlws.FILTER([2]加工記録２!$F:$F,[2]加工記録２!$U:$U=B62),_xlfn.SEQUENCE(11))="","", " × " & INDEX(_xlfn._xlws.FILTER([2]加工記録２!$F:$F,[2]加工記録２!$U:$U=B62),_xlfn.SEQUENCE(11)))),"")} | I102: 不良内訳
I103: キズ | J103: {=IFERROR(INDEX(_xlfn._xlws.FILTER([2]加工記録２!R:R, [2]加工記録２!U:U=B62),_xlfn.SEQUENCE(10)),"")}
I104: 凹み
I105: 異物
I106: 欠け
I107: メヤニ
I108: ベコツキ
I109: 汚損
I110: 形状異常
I111: その他
I112: 合計
