Workbook
Name DB: #REF!

Sheet 帳票レイアウト Copy
B1: 検査梱包指示書
A3: 品目番号 | B3: J1EKACB22204150 | C3: Ｌ寸 | D3: 415 | E3: 名称 | F3: 001EGAW 415 | I3: 上長 | J3: 係員
A5: 製造指図№ | B5: 000000000003621 | E5: 原料名 | F5: (J1VB075) (J6VT048)
A7: 発注明細№ | B7: 000000000757219 | E7: 色 名 | F7: ﾎﾜｲﾄ
E8: 製品Grp | F8: J1EC
A9: 開始日 | B9: 45818 | E9: 入り数 | F9: 200
A10: 終了日 | B10: 45818 | E10: 梱包数 | F10: 7.5 | G10: 指示数量 | H10: 1500
E11: 金 型 | F11: 3714
A12: *J1EKACB22204150* | G12: 格納先 | H12: V3J03 | I12: 樹脂第3倉庫 (在庫)
A14: 指図書備考
A16: 工順 | B16: 製造場所 | C16: 製造場所名 | E16: 工程 | F16: 工程名 | I16: 作業時間
A18: 1 | B18: V3Z01 | C18: 黒部工業 | E18: V3P05 | F18: 切断
A19: 1 | B19: V3Z01 | C19: 黒部工業 | E19: V3P16 | F19: 検査・梱包
A25: 品目コード | C25: 品目名１ | F25: 在庫場所 | G25: 出庫数量 | I25: バッチ必要数
C26: 品目名２ | F26: 指図書備考
A28: J1EKACA22215000 | C28: @001EGAW 1500 | F28: V3J03 | G28: 499.5 | I28: 2.4975
A29: *J1EKACA22215000* | C29: (J1VB075) (J6VT048)
A30: J6DK0003 | C30: S-20 | F30: V3J03 | G30: 7.5 | I30: 0.0375
A31: *J6DK0003*
A38: 製品名 | E38: 梱包箱 | G38: A.不良内訳 | I38: 入庫日 | J38: 入庫数
A39: =F3 -> 001EGAW 415 | E39: S-20 8枚 | G39: キズ | H39: =_xlfn.XLOOKUP($B5, [1]加工記録２!$CD:$CD,[1]加工記録２!AH:AH) -> 0 | I39: =MAX(I51:I55) -> 45813 | J39: =_xlfn.XLOOKUP($B5, [1]加工記録２!$CD:$CD,[1]加工記録２!AD:AD,,0) -> 1500
E40: 端材使用 有 ・ 無 | G40: 凹み | H40: =_xlfn.XLOOKUP($B5, [1]加工記録２!$CD:$CD,[1]加工記録２!AI:AI,,0) -> 0
A41: 温度換算 | B41: =_xlfn.XLOOKUP(A12,[1]!テーブル5[品目コード],[1]!テーブル5[温度換算],,2) -> - | C41: 取数 | D41: =_xlfn.XLOOKUP(A12,[1]!テーブル5[品目コード],[1]!テーブル5[取数],,2) -> 3 | E41: 備考 | G41: 異物 | H41: =_xlfn.XLOOKUP($B5, [1]加工記録２!$CD:$CD,[1]加工記録２!AJ:AJ,,0) -> 0 | I41: 切断者 | J41: 検査者
E42: =_xlfn.XLOOKUP(A12,[1]!テーブル5[品目コード],[1]!テーブル5[備考１],,2) -> 0 | G42: 欠け | H42: =_xlfn.XLOOKUP($B5, [1]加工記録２!$CD:$CD,[1]加工記録２!AK:AK,,0) -> 0 | I42: =_xlfn.XLOOKUP($B5, [1]加工記録２!$CD:$CD,[1]加工記録２!CA:CA,,0) -> 水野 | J42: =_xlfn.XLOOKUP($B5, [1]加工記録２!$CD:$CD,[1]加工記録２!CB:CB,,0) -> -
A43: L寸 | B43: =D3 -> 415 | C43: +公差 | D43: =_xlfn.XLOOKUP(A12,[1]!テーブル5[品目コード],[1]!テーブル5[上限公差],,2) -> +0.5 | E43: =_xlfn.XLOOKUP(A12,[1]!テーブル5[品目コード],[1]!テーブル5[備考２],,2) -> ※使用基材、取数は依頼書にて確認 | G43: メヤニ | H43: =_xlfn.XLOOKUP($B5, [1]加工記録２!$CD:$CD,[1]加工記録２!AL:AL,,0) -> 0
E44: 梱包方法 | G44: ベコツキ | H44: =_xlfn.XLOOKUP($B5, [1]加工記録２!$CD:$CD,[1]加工記録２!AM:AM,,0) -> 0 | I44: E.製品不良数 | J44: F,基材不良
A45: 切断寸法 | B45: 415 | C45: -公差 | D45: =_xlfn.XLOOKUP(A12,[1]!テーブル5[品目コード],[1]!テーブル5[下限公差],,2) -> -0.5 | E45: =_xlfn.XLOOKUP(A12,[1]!テーブル5[品目コード],[1]!テーブル5[梱包方法],,2) -> ラベル２枚 長手有 鉢巻無 | G45: その他 | H45: =_xlfn.XLOOKUP($B5, [1]加工記録２!$CD:$CD,[1]加工記録２!AN:AN,,0) -> 2 | I45: =_xlfn.XLOOKUP($B5, [1]加工記録２!$CD:$CD,[1]加工記録２!AF:AF,,0) -> 2 | J45: =_xlfn.XLOOKUP($B5, [1]加工記録２!$CD:$CD,[1]加工記録２!AE:AE,,0) -> 1
G46: 合計 | H46: =SUM(H39:H45) -> 2
A47: 作業日 | B47: 基材Lot | C47: 温度 | D47: 換算寸法 | E47: 計測値 | F47: 備考、箱番号等 | G47: B.加工数 | H47: C.基材換算 | I47: D,端材使用 | J47: 使用基材数
A48: =IFERROR(_xlfn.XLOOKUP($B5&$J39,[1]加工記録２!B:B&[1]加工記録２!AD:AD,[1]加工記録２!BB:BB,,0),"/") -> / | B48: =_xlfn.XLOOKUP($B5,[1]加工記録２!$CD:$CD,[1]加工記録２!BJ:BJ,,0) | F48: ※前回加工による端数品 | G48: =IFERROR(SUM(H48*$D41),"") | H48: =_xlfn.XLOOKUP($B5,[1]加工記録２!$CD:$CD,[1]加工記録２!BR:BR,,0) | I48: =_xlfn.XLOOKUP($B5, [1]加工記録２!$CD:$CD,[1]加工記録２!AO:AO,,0) -> 866 | J48: =_xlfn.XLOOKUP($B5, [1]加工記録２!$CD:$CD,[1]加工記録２!AG:AG,,0) -> 212
A49: =IFERROR(_xlfn.XLOOKUP($B5&$J39,[1]加工記録２!$CD:$CD&[1]加工記録２!AD:AD,[1]加工記録２!BC:BC,,0),"/") -> 45813 | B49: =_xlfn.XLOOKUP($B5,[1]加工記録２!$CD:$CD,[1]加工記録２!BK:BK,,0) -> 25E22B | C49: =_xlfn.XLOOKUP($B5,[1]加工記録２!$CD:$CD,[1]加工記録２!P:P,,0) | D49: 415 | E49: =_xlfn.XLOOKUP($B5, [1]加工記録２!$CD:$CD,[1]加工記録２!W:W,,0) -> 415.12 | F49: 端材品 | H49: =_xlfn.XLOOKUP($B5,[1]加工記録２!$CD:$CD,[1]加工記録２!BS:BS,,0) -> 0
A50: =IFERROR(_xlfn.XLOOKUP($B5&$J39,[1]加工記録２!$CD:$CD&[1]加工記録２!AD:AD,[1]加工記録２!BD:BD,,0),"/") -> 45813 | B50: =_xlfn.XLOOKUP($B5,[1]加工記録２!CD:CD,[1]加工記録２!BL:BL,,0) -> 25E23C | C50: =_xlfn.XLOOKUP($B5,[1]加工記録２!$CD:$CD,[1]加工記録２!Q:Q,,0) | E50: =_xlfn.XLOOKUP($B5, [1]加工記録２!$CD:$CD,[1]加工記録２!X:X,,0) | F50: 端材品 | H50: =_xlfn.XLOOKUP($B5,[1]加工記録２!$CD:$CD,[1]加工記録２!BT:BT,,0) -> 0 | I50: 加工Lot | J50: 箱数
A51: =IFERROR(_xlfn.XLOOKUP($B5&$J39,[1]加工記録２!$CD:$CD&[1]加工記録２!AD:AD,[1]加工記録２!BE:BE,,0),"/") -> 45813 | B51: =_xlfn.XLOOKUP($B5,[1]加工記録２!$CD:$CD,[1]加工記録２!BM:BM,,0) -> 25E24A | C51: =_xlfn.XLOOKUP($B5,[1]加工記録２!$CD:$CD,[1]加工記録２!R:R,,0) | E51: =_xlfn.XLOOKUP($B5, [1]加工記録２!$CD:$CD,[1]加工記録２!Y:Y,,0) -> 415.12 | F51: 端材品 | H51: =_xlfn.XLOOKUP($B5,[1]加工記録２!$CD:$CD,[1]加工記録２!BU:BU,,0) -> 0 | I51: =_xlfn.LET(_xlpm.val,_xlfn.XLOOKUP($B5,[1]加工記録２!$CD:$CD,[1]加工記録２!AQ:AQ,""),IF(OR(_xlpm.val="",_xlpm.val=0),"",_xlpm.val)) -> 45813 | J51: =_xlfn.LET(_xlpm.val,_xlfn.XLOOKUP($B5,[1]加工記録２!$CD:$CD,[1]加工記録２!AR:AR,""),IF(OR(_xlpm.val="",_xlpm.val=0),"",_xlpm.val)) -> 8
A52: =IFERROR(_xlfn.XLOOKUP($B5&$J39,[1]加工記録２!$CD:$CD&[1]加工記録２!AD:AD,[1]加工記録２!BF:BF,,0),"/") -> 45813 | B52: =_xlfn.XLOOKUP($B5,[1]加工記録２!$CD:$CD,[1]加工記録２!BN:BN,,0) -> 25E23B | E52: =_xlfn.XLOOKUP($B5, [1]加工記録２!$CD:$CD,[1]加工記録２!Z:Z,,0) | G52: =IFERROR(SUM(H52*$D41),"") -> 600 | H52: =_xlfn.XLOOKUP($B5,[1]加工記録２!$CD:$CD,[1]加工記録２!BV:BV,,0) -> 200 | I52: =_xlfn.LET(_xlpm.val,_xlfn.XLOOKUP($B5,[1]加工記録２!$CD:$CD,[1]加工記録２!AS:AS,""),IF(OR(_xlpm.val="",_xlpm.val=0),"",_xlpm.val)) | J52: =_xlfn.LET(_xlpm.val,_xlfn.XLOOKUP($B5,[1]加工記録２!$CD:$CD,[1]加工記録２!AT:AT,""),IF(OR(_xlpm.val="",_xlpm.val=0),"",_xlpm.val))
A53: =IFERROR(_xlfn.XLOOKUP($B5&$J39,[1]加工記録２!$CD:$CD&[1]加工記録２!AD:AD,[1]加工記録２!BG:BG,,0),"/") -> 45813 | B53: =_xlfn.XLOOKUP($B5,[1]加工記録２!$CD:$CD,[1]加工記録２!BO:BO,,0) -> 25A15B | E53: =_xlfn.XLOOKUP($B5, [1]加工記録２!$CD:$CD,[1]加工記録２!AA:AA,,0) -> 415.21 | G53: =IFERROR(SUM(H53*$D41),"") -> 36 | H53: =_xlfn.XLOOKUP($B5,[1]加工記録２!$CD:$CD,[1]加工記録２!BW:BW,,0) -> 12 | I53: =_xlfn.LET(_xlpm.val,_xlfn.XLOOKUP($B5,[1]加工記録２!$CD:$CD,[1]加工記録２!AU:AU,""),IF(OR(_xlpm.val="",_xlpm.val=0),"",_xlpm.val)) | J53: =_xlfn.LET(_xlpm.val,_xlfn.XLOOKUP($B5,[1]加工記録２!$CD:$CD,[1]加工記録２!AV:AV,""),IF(OR(_xlpm.val="",_xlpm.val=0),"",_xlpm.val))
A54: =IFERROR(_xlfn.XLOOKUP($B5&$J39,[1]加工記録２!$CD:$CD&[1]加工記録２!AD:AD,[1]加工記録２!BH:BH,,0),"/") | B54: =_xlfn.XLOOKUP($B5,[1]加工記録２!$CD:$CD,[1]加工記録２!BP:BP,,0) | C54: =_xlfn.XLOOKUP($B5,[1]加工記録２!$CD:$CD,[1]加工記録２!U:U,,0) | E54: =_xlfn.XLOOKUP($B5, [1]加工記録２!$CD:$CD,[1]加工記録２!AB:AB,,0) | G54: =IFERROR(SUM(H54*$D41),"") | H54: =_xlfn.XLOOKUP($B5,[1]加工記録２!$CD:$CD,[1]加工記録２!BX:BX,,0) | I54: =_xlfn.LET(_xlpm.val,_xlfn.XLOOKUP($B5,[1]加工記録２!$CD:$CD,[1]加工記録２!AW:AW,""),IF(OR(_xlpm.val="",_xlpm.val=0),"",_xlpm.val)) | J54: =_xlfn.LET(_xlpm.val,_xlfn.XLOOKUP($B5,[1]加工記録２!$CD:$CD,[1]加工記録２!AX:AX,""),IF(OR(_xlpm.val="",_xlpm.val=0),"",_xlpm.val))
A55: =IFERROR(_xlfn.XLOOKUP($B5&$J39,[1]加工記録２!$CD:$CD&[1]加工記録２!AD:AD,[1]加工記録２!BI:BI,,0),"/") | B55: =_xlfn.XLOOKUP($B5,[1]加工記録２!$CD:$CD,[1]加工記録２!BQ:BQ,,0) | C55: =_xlfn.XLOOKUP($B5,[1]加工記録２!$CD:$CD,[1]加工記録２!V:V,,0) | E55: =_xlfn.XLOOKUP($B5, [1]加工記録２!$CD:$CD,[1]加工記録２!AC:AC,,0) | G55: =IFERROR(SUM(H55*$D41),"") | H55: =_xlfn.XLOOKUP($B5,[1]加工記録２!$CD:$CD,[1]加工記録２!BY:BY,,0) | I55: =_xlfn.LET(_xlpm.val,_xlfn.XLOOKUP($B5,[1]加工記録２!$CD:$CD,[1]加工記録２!AY:AY,""),IF(OR(_xlpm.val="",_xlpm.val=0),"",_xlpm.val)) | J55: =_xlfn.LET(_xlpm.val,_xlfn.XLOOKUP($B5,[1]加工記録２!$CD:$CD,[1]加工記録２!AZ:AZ,""),IF(OR(_xlpm.val="",_xlpm.val=0),"",_xlpm.val))
B58: 検査梱包指示書
A60: 品目番号 | B60: J1EKACB22205080 | C60: Ｌ寸 | D60: 508 | E60: 名称 | F60: 001EGAW 508 | I60: 上長 | J60: 係員
A62: 製造指図№ | B62: 000000000003622 | E62: 原料名 | F62: (J1VB075) (J6VT048)
A64: 発注明細№ | B64: 000000000757220 | E64: 色 名 | F64: ﾎﾜｲﾄ
E65: 製品Grp | F65: J1EC
A66: 開始日 | B66: 45818 | E66: 入り数 | F66: 200
A67: 終了日 | B67: 45818 | E67: 梱包数 | F67: 8.5 | G67: 指示数量 | H67: 1700
E68: 金 型 | F68: 3714
A69: *J1EKACB22205080* | G69: 格納先 | H69: V3J03 | I69: 樹脂第3倉庫 (在庫)
A71: 指図書備考
A73: 工順 | B73: 製造場所 | C73: 製造場所名 | E73: 工程 | F73: 工程名 | I73: 作業時間
A75: 1 | B75: V3Z01 | C75: 黒部工業 | E75: V3P05 | F75: 切断
A76: 1 | B76: V3Z01 | C76: 黒部工業 | E76: V3P16 | F76: 検査・梱包
A82: 品目コード | C82: 品目名１ | F82: 在庫場所 | G82: 出庫数量 | I82: バッチ必要数
C83: 品目名２ | F83: 指図書備考
A85: J1EKACA22215000 | C85: @001EGAW 1500 | F85: V3J03 | G85: 850 | I85: 4.25
A86: *J1EKACA22215000* | C86: (J1VB075) (J6VT048)
A87: J6DK0004 | C87: S-30 | F87: V3J03 | G87: 8.5 | I87: 0.0425
A88: *J6DK0004*
A95: 製品名 | E95: 梱包箱 | G95: A.不良内訳 | I95: 入庫日 | J95: 入庫数
A96: =F60 -> 001EGAW 508 | E96: S-30 9 枚 | G96: キズ | H96: =_xlfn.XLOOKUP($B62, [1]加工記録２!$CD:$CD,[1]加工記録２!AH:AH) -> 0 | I96: =MAX(I108:I112) -> 45813 | J96: =_xlfn.XLOOKUP($B62, [1]加工記録２!$CD:$CD,[1]加工記録２!AD:AD,,0) -> 1700
E97: 端材使用 有 ・ 無 | G97: 凹み | H97: =_xlfn.XLOOKUP($B62, [1]加工記録２!$CD:$CD,[1]加工記録２!AI:AI,,0) -> 0
A98: 温度換算 | B98: =_xlfn.XLOOKUP(A69,[1]!テーブル5[品目コード],[1]!テーブル5[温度換算],,2) -> - | C98: 取数 | D98: =_xlfn.XLOOKUP(A69,[1]!テーブル5[品目コード],[1]!テーブル5[取数],,2) -> 2 | E98: 備考 | G98: 異物 | H98: =_xlfn.XLOOKUP($B62, [1]加工記録２!$CD:$CD,[1]加工記録２!AJ:AJ,,0) -> 0 | I98: 切断者 | J98: 検査者
E99: =_xlfn.XLOOKUP(A69,[1]!テーブル5[品目コード],[1]!テーブル5[備考１],,2) -> 0 | G99: 欠け | H99: =_xlfn.XLOOKUP($B62, [1]加工記録２!$CD:$CD,[1]加工記録２!AK:AK,,0) -> 0 | I99: =_xlfn.XLOOKUP($B62, [1]加工記録２!$CD:$CD,[1]加工記録２!CA:CA,,0) -> 水野 | J99: =_xlfn.XLOOKUP($B62, [1]加工記録２!$CD:$CD,[1]加工記録２!CB:CB,,0) -> -
A100: L寸 | B100: =D60 -> 508 | C100: +公差 | D100: =_xlfn.XLOOKUP(A69,[1]!テーブル5[品目コード],[1]!テーブル5[上限公差],,2) -> +0.5 | E100: =_xlfn.XLOOKUP(A69,[1]!テーブル5[品目コード],[1]!テーブル5[備考２],,2) -> ※使用基材、取数は依頼書にて確認 | G100: メヤニ | H100: =_xlfn.XLOOKUP($B62, [1]加工記録２!$CD:$CD,[1]加工記録２!AL:AL,,0) -> 0
E101: 梱包方法 | G101: ベコツキ | H101: =_xlfn.XLOOKUP($B62, [1]加工記録２!$CD:$CD,[1]加工記録２!AM:AM,,0) -> 0 | I101: E.製品不良数 | J101: F,基材不良
A102: 切断寸法 | B102: 508 | C102: -公差 | D102: =_xlfn.XLOOKUP(A69,[1]!テーブル5[品目コード],[1]!テーブル5[下限公差],,2) -> -0.5 | E102: =_xlfn.XLOOKUP(A69,[1]!テーブル5[品目コード],[1]!テーブル5[梱包方法],,2) -> ラベル２枚 長手有 鉢巻無 | G102: その他 | H102: =_xlfn.XLOOKUP($B62, [1]加工記録２!$CD:$CD,[1]加工記録２!AN:AN,,0) -> 12 | I102: =_xlfn.XLOOKUP($B62, [1]加工記録２!$CD:$CD,[1]加工記録２!AF:AF,,0) -> 12 | J102: =_xlfn.XLOOKUP($B62, [1]加工記録２!$CD:$CD,[1]加工記録２!AE:AE,,0) -> 6
G103: 合計 | H103: =SUM(H96:H102) -> 12
A104: 作業日 | B104: 基材Lot | C104: 温度 | D104: 換算寸法 | E104: 計測値 | F104: 備考、箱番号等 | G104: B.加工数 | H104: C.基材換算 | I104: D,端材使用 | J104: 使用基材数
A105: =IFERROR(_xlfn.XLOOKUP($B62&$J96,[1]加工記録２!B:B&[1]加工記録２!AD:AD,[1]加工記録２!BB:BB,,0),"/") -> / | B105: =_xlfn.XLOOKUP($B62,[1]加工記録２!$CD:$CD,[1]加工記録２!BJ:BJ,,0) | F105: ※前回加工による端数品 | G105: =IFERROR(SUM(H105*$D98),"") | H105: =_xlfn.XLOOKUP($B62,[1]加工記録２!$CD:$CD,[1]加工記録２!BR:BR,,0) | I105: =_xlfn.XLOOKUP($B62, [1]加工記録２!$CD:$CD,[1]加工記録２!AO:AO,,0) -> 0 | J105: =_xlfn.XLOOKUP($B62, [1]加工記録２!$CD:$CD,[1]加工記録２!AG:AG,,0) -> 856
A106: =IFERROR(_xlfn.XLOOKUP($B62&$J96,[1]加工記録２!$CD:$CD&[1]加工記録２!AD:AD,[1]加工記録２!BC:BC,,0),"/") -> 45812 | B106: =_xlfn.XLOOKUP($B62,[1]加工記録２!$CD:$CD,[1]加工記録２!BK:BK,,0) -> 25E24A | C106: =_xlfn.XLOOKUP($B62,[1]加工記録２!$CD:$CD,[1]加工記録２!P:P,,0) | D106: 508 | E106: =_xlfn.XLOOKUP($B62, [1]加工記録２!$CD:$CD,[1]加工記録２!W:W,,0) -> 508.41 | G106: =IFERROR(SUM(H106*$D98),"") -> 100 | H106: =_xlfn.XLOOKUP($B62,[1]加工記録２!$CD:$CD,[1]加工記録２!BS:BS,,0) -> 50
A107: =IFERROR(_xlfn.XLOOKUP($B62&$J96,[1]加工記録２!$CD:$CD&[1]加工記録２!AD:AD,[1]加工記録２!BD:BD,,0),"/") -> 45812 | B107: =_xlfn.XLOOKUP($B62,[1]加工記録２!CD:CD,[1]加工記録２!BL:BL,,0) -> 25E23C | C107: =_xlfn.XLOOKUP($B62,[1]加工記録２!$CD:$CD,[1]加工記録２!Q:Q,,0) | E107: =_xlfn.XLOOKUP($B62, [1]加工記録２!$CD:$CD,[1]加工記録２!X:X,,0) -> 508.04 | G107: =IFERROR(SUM(H107*$D98),"") -> 600 | H107: =_xlfn.XLOOKUP($B62,[1]加工記録２!$CD:$CD,[1]加工記録２!BT:BT,,0) -> 300 | I107: 加工Lot | J107: 箱数
A108: =IFERROR(_xlfn.XLOOKUP($B62&$J96,[1]加工記録２!$CD:$CD&[1]加工記録２!AD:AD,[1]加工記録２!BE:BE,,0),"/") -> 45812 | B108: =_xlfn.XLOOKUP($B62,[1]加工記録２!$CD:$CD,[1]加工記録２!BM:BM,,0) -> 25A15B | C108: =_xlfn.XLOOKUP($B62,[1]加工記録２!$CD:$CD,[1]加工記録２!R:R,,0) | E108: =_xlfn.XLOOKUP($B62, [1]加工記録２!$CD:$CD,[1]加工記録２!Y:Y,,0) -> 508.02 | G108: =IFERROR(SUM(H108*$D98),"") -> 12 | H108: =_xlfn.XLOOKUP($B62,[1]加工記録２!$CD:$CD,[1]加工記録２!BU:BU,,0) -> 6 | I108: =_xlfn.LET(_xlpm.val,_xlfn.XLOOKUP($B62,[1]加工記録２!$CD:$CD,[1]加工記録２!AQ:AQ,""),IF(OR(_xlpm.val="",_xlpm.val=0),"",_xlpm.val)) -> 45812 | J108: =_xlfn.LET(_xlpm.val,_xlfn.XLOOKUP($B62,[1]加工記録２!$CD:$CD,[1]加工記録２!AR:AR,""),IF(OR(_xlpm.val="",_xlpm.val=0),"",_xlpm.val)) -> 8
A109: =IFERROR(_xlfn.XLOOKUP($B62&$J96,[1]加工記録２!$CD:$CD&[1]加工記録２!AD:AD,[1]加工記録２!BF:BF,,0),"/") -> 45813 | B109: =_xlfn.XLOOKUP($B62,[1]加工記録２!$CD:$CD,[1]加工記録２!BN:BN,,0) -> 25E22B | C109: =_xlfn.XLOOKUP($B62,[1]加工記録２!$CD:$CD,[1]加工記録２!S:S,,0) | E109: =_xlfn.XLOOKUP($B62, [1]加工記録２!$CD:$CD,[1]加工記録２!Z:Z,,0) -> 508.02 | G109: =IFERROR(SUM(H109*$D98),"") -> 1000 | H109: =_xlfn.XLOOKUP($B62,[1]加工記録２!$CD:$CD,[1]加工記録２!BV:BV,,0) -> 500 | I109: =_xlfn.LET(_xlpm.val,_xlfn.XLOOKUP($B62,[1]加工記録２!$CD:$CD,[1]加工記録２!AS:AS,""),IF(OR(_xlpm.val="",_xlpm.val=0),"",_xlpm.val)) -> 45813 | J109: =_xlfn.LET(_xlpm.val,_xlfn.XLOOKUP($B62,[1]加工記録２!$CD:$CD,[1]加工記録２!AT:AT,""),IF(OR(_xlpm.val="",_xlpm.val=0),"",_xlpm.val)) -> 1
A110: =IFERROR(_xlfn.XLOOKUP($B62&$J96,[1]加工記録２!$CD:$CD&[1]加工記録２!AD:AD,[1]加工記録２!BG:BG,,0),"/") -> 45813 | B110: =_xlfn.XLOOKUP($B62,[1]加工記録２!$CD:$CD,[1]加工記録２!BO:BO,,0) -> 25E22B | C110: =_xlfn.XLOOKUP($B62,[1]加工記録２!$CD:$CD,[1]加工記録２!T:T,,0) | E110: =_xlfn.XLOOKUP($B62, [1]加工記録２!$CD:$CD,[1]加工記録２!AA:AA,,0) -> 507.84 | G110: =IFERROR(SUM(H110*$D98),"") | H110: =_xlfn.XLOOKUP($B62,[1]加工記録２!$CD:$CD,[1]加工記録２!BW:BW,,0) | I110: =_xlfn.LET(_xlpm.val,_xlfn.XLOOKUP($B62,[1]加工記録２!$CD:$CD,[1]加工記録２!AU:AU,""),IF(OR(_xlpm.val="",_xlpm.val=0),"",_xlpm.val)) | J110: =_xlfn.LET(_xlpm.val,_xlfn.XLOOKUP($B62,[1]加工記録２!$CD:$CD,[1]加工記録２!AV:AV,""),IF(OR(_xlpm.val="",_xlpm.val=0),"",_xlpm.val))
A111: =IFERROR(_xlfn.XLOOKUP($B62&$J96,[1]加工記録２!$CD:$CD&[1]加工記録２!AD:AD,[1]加工記録２!BH:BH,,0),"/") | B111: =_xlfn.XLOOKUP($B62,[1]加工記録２!$CD:$CD,[1]加工記録２!BP:BP,,0) | C111: =_xlfn.XLOOKUP($B62,[1]加工記録２!$CD:$CD,[1]加工記録２!U:U,,0) | E111: =_xlfn.XLOOKUP($B62, [1]加工記録２!$CD:$CD,[1]加工記録２!AB:AB,,0) | G111: =IFERROR(SUM(H111*$D98),"") | H111: =_xlfn.XLOOKUP($B62,[1]加工記録２!$CD:$CD,[1]加工記録２!BX:BX,,0) | I111: =_xlfn.LET(_xlpm.val,_xlfn.XLOOKUP($B62,[1]加工記録２!$CD:$CD,[1]加工記録２!AW:AW,""),IF(OR(_xlpm.val="",_xlpm.val=0),"",_xlpm.val)) | J111: =_xlfn.LET(_xlpm.val,_xlfn.XLOOKUP($B62,[1]加工記録２!$CD:$CD,[1]加工記録２!AX:AX,""),IF(OR(_xlpm.val="",_xlpm.val=0),"",_xlpm.val))
A112: =IFERROR(_xlfn.XLOOKUP($B62&$J96,[1]加工記録２!$CD:$CD&[1]加工記録２!AD:AD,[1]加工記録２!BI:BI,,0),"/") | B112: =_xlfn.XLOOKUP($B62,[1]加工記録２!$CD:$CD,[1]加工記録２!BQ:BQ,,0) | C112: =_xlfn.XLOOKUP($B62,[1]加工記録２!$CD:$CD,[1]加工記録２!V:V,,0) | E112: =_xlfn.XLOOKUP($B62, [1]加工記録２!$CD:$CD,[1]加工記録２!AC:AC,,0) | G112: =IFERROR(SUM(H112*$D98),"") | H112: =_xlfn.XLOOKUP($B62,[1]加工記録２!$CD:$CD,[1]加工記録２!BY:BY,,0) | I112: =_xlfn.LET(_xlpm.val,_xlfn.XLOOKUP($B62,[1]加工記録２!$CD:$CD,[1]加工記録２!AY:AY,""),IF(OR(_xlpm.val="",_xlpm.val=0),"",_xlpm.val)) | J112: =_xlfn.LET(_xlpm.val,_xlfn.XLOOKUP($B62,[1]加工記録２!$CD:$CD,[1]加工記録２!AZ:AZ,""),IF(OR(_xlpm.val="",_xlpm.val=0),"",_xlpm.val))
B115: 検査梱包指示書
A117: 品目番号 | B117: J1EKACB22205650 | C117: Ｌ寸 | D117: 565 | E117: 名称 | F117: 001EGAW 565 | I117: 上長 | J117: 係員
A119: 製造指図№ | B119: 000000000003623 | E119: 原料名 | F119: (J1VB075) (J6VT048)
A121: 発注明細№ | B121: 000000000757221 | E121: 色 名 | F121: ﾎﾜｲﾄ
E122: 製品Grp | F122: J1EC
A123: 開始日 | B123: 45818 | E123: 入り数 | F123: 200
A124: 終了日 | B124: 45818 | E124: 梱包数 | F124: 4 | G124: 指示数量 | H124: 800
E125: 金 型 | F125: 3714
A126: *J1EKACB22205650* | G126: 格納先 | H126: V3J03 | I126: 樹脂第3倉庫 (在庫)
A128: 指図書備考
A130: 工順 | B130: 製造場所 | C130: 製造場所名 | E130: 工程 | F130: 工程名 | I130: 作業時間
A132: 1 | B132: V3Z01 | C132: 黒部工業 | E132: V3P05 | F132: 切断
A133: 1 | B133: V3Z01 | C133: 黒部工業 | E133: V3P16 | F133: 検査・梱包
A139: 品目コード | C139: 品目名１ | F139: 在庫場所 | G139: 出庫数量 | I139: バッチ必要数
C140: 品目名２ | F140: 指図書備考
A142: J1EKACA22215000 | C142: @001EGAW 1500 | F142: V3J03 | G142: 400 | I142: 2
A143: *J1EKACA22215000* | C143: (J1VB075) (J6VT048)
A144: J6DK0004 | C144: S-30 | F144: V3J03 | G144: 4 | I144: 0.02
A145: *J6DK0004*
A152: 製品名 | E152: 梱包箱 | G152: A.不良内訳 | I152: 入庫日 | J152: 入庫数
A153: =F117 -> 001EGAW 565 | E153: =IFERROR(IF(OR(J153="", F123="", F123=0, J153/F123=0), C144&" "&""&" 枚", C144&" "&J153/F123&" 枚"), C144&" "&""&" 枚") -> S-30 4 枚 | G153: キズ | H153: =_xlfn.XLOOKUP($B119, [1]加工記録２!$CD:$CD,[1]加工記録２!AH:AH) -> 0 | I153: =MAX(I165:I169) -> 45812 | J153: =_xlfn.XLOOKUP($B119, [1]加工記録２!$CD:$CD,[1]加工記録２!AD:AD,,0) -> 800
E154: 端材使用 有 ・ 無 | G154: 凹み | H154: =_xlfn.XLOOKUP($B119, [1]加工記録２!$CD:$CD,[1]加工記録２!AI:AI,,0) -> 0
A155: 温度換算 | B155: =_xlfn.XLOOKUP(A126,[1]!テーブル5[品目コード],[1]!テーブル5[温度換算],,2) -> - | C155: 取数 | D155: =_xlfn.XLOOKUP(A126,[1]!テーブル5[品目コード],[1]!テーブル5[取数],,2) -> 2 | E155: 備考 | G155: 異物 | H155: =_xlfn.XLOOKUP($B119, [1]加工記録２!$CD:$CD,[1]加工記録２!AJ:AJ,,0) -> 0 | I155: 切断者 | J155: 検査者
E156: =_xlfn.XLOOKUP(A126,[1]!テーブル5[品目コード],[1]!テーブル5[備考１],,2) -> 0 | G156: 欠け | H156: =_xlfn.XLOOKUP($B119, [1]加工記録２!$CD:$CD,[1]加工記録２!AK:AK,,0) -> 0 | I156: =_xlfn.XLOOKUP($B119, [1]加工記録２!$CD:$CD,[1]加工記録２!CA:CA,,0) -> 水野 | J156: =_xlfn.XLOOKUP($B119, [1]加工記録２!$CD:$CD,[1]加工記録２!CB:CB,,0) -> -
A157: L寸 | B157: =D117 -> 565 | C157: +公差 | D157: =_xlfn.XLOOKUP(A126,[1]!テーブル5[品目コード],[1]!テーブル5[上限公差],,2) -> +0.5 | E157: =_xlfn.XLOOKUP(A126,[1]!テーブル5[品目コード],[1]!テーブル5[備考２],,2) -> ※使用基材、取数は依頼書にて確認 | G157: メヤニ | H157: =_xlfn.XLOOKUP($B119, [1]加工記録２!$CD:$CD,[1]加工記録２!AL:AL,,0) -> 0
E158: 梱包方法 | G158: ベコツキ | H158: =_xlfn.XLOOKUP($B119, [1]加工記録２!$CD:$CD,[1]加工記録２!AM:AM,,0) -> 0 | I158: E.製品不良数 | J158: F,基材不良
...
