Workbook
Name DB: #REF!

Sheet 帳票レイアウト Copy
B1: 検査梱包指示書
A3: 品目番号 | B3: J1ZAFJB00102218 | C3: Ｌ寸 | D3: 221 | E3: 名称 | F3: 463301-2200灯具ｶﾊﾞｰPC | I3: 上長 | J3: 係員
A5: 製造指図№ | B5: 000000000003336 | E5: 原料名 | F5: J6VZ041
A7: 発注明細№ | B7: 000000000754609 | E7: 色 名 | F7: 拡散
E8: 製品Grp | F8: J1ZA
A9: 開始日 | B9: 45817 | E9: 入り数 | F9: 2
A10: 終了日 | B10: 45817 | E10: 梱包数 | F10: 10 | G10: 指示数量 | H10: 20
E11: 金 型 | F11: 4317
A12: *J1ZAFJB00102218* | G12: 格納先 | H12: V3J03 | I12: 樹脂第3倉庫 (在庫)
A14: 指図書備考
A16: 工順 | B16: 製造場所 | C16: 製造場所名 | E16: 工程 | F16: 工程名 | I16: 作業時間
A18: 1 | B18: V3Z01 | C18: 黒部工業 | E18: V3P05 | F18: 切断
A19: 1 | B19: V3Z01 | C19: 黒部工業 | E19: V3P13 | F19: 捺印
A20: 1 | B20: V3Z01 | C20: 黒部工業 | E20: V3P16 | F20: 検査・梱包
A25: 品目コード | C25: 品目名１ | F25: 在庫場所 | G25: 出庫数量 | I25: バッチ必要数
C26: 品目名２ | F26: 指図書備考
A28: J1ZAFJA00205470 | C28: @463301-2140灯具ｶﾊﾞｰPCIN | F28: V3J04 | G28: 4 | I28: 2
A29: *J1ZAFJA00205470* | C29: J6VZ041
A30: J6DK0027 | C30: H型ｼﾞｮｲﾅ- | F30: V3J03 | G30: 10 | I30: 5
A31: *J6DK0027*
A38: 製品名 | E38: 梱包箱 | G38: A.不良内訳 | I38: 入庫日 | J38: 入庫数
A39: =F3 -> 463301-2200灯具ｶﾊﾞｰPC | E39: =IFERROR(IF(OR(J39="", F9="", F9=0, J39/F9=0), C30&" "&""&" 枚", C30&" "&J39/F9&" 枚"), C30&" "&""&" 枚") -> H型ｼﾞｮｲﾅ- 10 枚 | G39: キズ | H39: =_xlfn.XLOOKUP(RIGHT($B7,8), [1]加工記録２!$B:$B,[1]加工記録２!AH:AH) -> 0 | I39: =MAX(I51:I55) -> 45798 | J39: =_xlfn.XLOOKUP(RIGHT($B7,8), [1]加工記録２!$B:$B,[1]加工記録２!AD:AD,,0) -> 20
E40: 端材使用 有 | G40: 凹み | H40: =_xlfn.XLOOKUP(RIGHT($B7,8), [1]加工記録２!$B:$B,[1]加工記録２!AI:AI,,0) -> 4
A41: 温度換算 | B41: =_xlfn.XLOOKUP(A12,[1]!テーブル5[品目コード],[1]!テーブル5[温度換算],,2) -> 〇 | C41: 取数 | D41: =_xlfn.XLOOKUP(A12,[1]!テーブル5[品目コード],[1]!テーブル5[取数],,2) -> 2 | E41: 備考 | G41: 異物 | H41: =_xlfn.XLOOKUP(RIGHT($B7,8), [1]加工記録２!$B:$B,[1]加工記録２!AJ:AJ,,0) -> 0 | I41: 切断者 | J41: 検査者
E42: =_xlfn.XLOOKUP(A12,[1]!テーブル5[品目コード],[1]!テーブル5[備考１],,2) -> 梱包箱:薄型1334 1/4 | G42: 欠け | H42: =_xlfn.XLOOKUP(RIGHT($B7,8), [1]加工記録２!$B:$B,[1]加工記録２!AK:AK,,0) -> 0 | I42: =_xlfn.XLOOKUP(RIGHT($B7,8), [1]加工記録２!$B:$B,[1]加工記録２!CA:CA,,0) -> 水野 | J42: =_xlfn.XLOOKUP(RIGHT($B7,8), [1]加工記録２!$B:$B,[1]加工記録２!CB:CB,,0) -> 高森
A43: L寸 | B43: =D3 -> 221 | C43: +公差 | D43: =_xlfn.XLOOKUP(A12,[1]!テーブル5[品目コード],[1]!テーブル5[上限公差],,2) -> +2 | E43: =_xlfn.XLOOKUP(A12,[1]!テーブル5[品目コード],[1]!テーブル5[備考２],,2) -> クラフト紙：1996型 1/8 | G43: メヤニ | H43: =_xlfn.XLOOKUP(RIGHT($B7,8), [1]加工記録２!$B:$B,[1]加工記録２!AL:AL,,0) -> 0
E44: 梱包方法 | G44: ベコツキ | H44: =_xlfn.XLOOKUP(RIGHT($B7,8), [1]加工記録２!$B:$B,[1]加工記録２!AM:AM,,0) -> 0 | I44: E.製品不良数 | J44: F,基材不良
A45: 切断寸法 | B45: =_xlfn.XLOOKUP(A12,[1]!テーブル5[品目コード],[1]!テーブル5[切断寸法],,2) -> 換算表確認 | C45: -公差 | D45: =_xlfn.XLOOKUP(A12,[1]!テーブル5[品目コード],[1]!テーブル5[下限公差],,2) -> -2 | E45: =_xlfn.XLOOKUP(A12,[1]!テーブル5[品目コード],[1]!テーブル5[梱包方法],,2) -> ラベル２枚 長手有 鉢巻無 | G45: その他 | H45: =_xlfn.XLOOKUP(RIGHT($B7,8), [1]加工記録２!$B:$B,[1]加工記録２!AN:AN,,0) -> 0 | I45: =_xlfn.XLOOKUP(RIGHT($B7,8), [1]加工記録２!$B:$B,[1]加工記録２!AF:AF,,0) -> 4 | J45: =_xlfn.XLOOKUP(RIGHT($B7,8), [1]加工記録２!$B:$B,[1]加工記録２!AE:AE,,0) -> 2
G46: 合計 | H46: =SUM(H39:H45) -> 4
A47: 作業日 | B47: 基材Lot | C47: 温度 | D47: 換算寸法 | E47: 計測値 | F47: 備考、箱番号等 | G47: B.加工数 | H47: C.基材換算 | I47: D,端材使用 | J47: 使用基材数
A48: =IFERROR(_xlfn.XLOOKUP(RIGHT($B7,8)&$J39,[1]加工記録２!B:B&[1]加工記録２!AD:AD,[1]加工記録２!BB:BB,,0),"/") | B48: =_xlfn.XLOOKUP(RIGHT($B7,8),[1]加工記録２!$B:$B,[1]加工記録２!BJ:BJ,,0) | F48: ※前回加工による端数品 | G48: =IFERROR(SUM(H48*$D41),"") | H48: =_xlfn.XLOOKUP(RIGHT($B7,8),[1]加工記録２!$B:$B,[1]加工記録２!BR:BR,,0) | I48: =_xlfn.XLOOKUP(RIGHT($B7,8), [1]加工記録２!$B:$B,[1]加工記録２!AO:AO,,0) -> 0 | J48: =_xlfn.XLOOKUP(RIGHT($B7,8), [1]加工記録２!$B:$B,[1]加工記録２!AG:AG,,0) -> 12
A49: =IFERROR(_xlfn.XLOOKUP(RIGHT($B7,8)&$J39,[1]加工記録２!B:B&[1]加工記録２!AD:AD,[1]加工記録２!BC:BC,,0),"/") -> 45798 | B49: =_xlfn.XLOOKUP(RIGHT($B7,8),[1]加工記録２!$B:$B,[1]加工記録２!BK:BK,,0) -> 25E16-01 | C49: =_xlfn.XLOOKUP(RIGHT($B7,8),[1]加工記録２!$B:$B,[1]加工記録２!P:P,,0) -> 26 | D49: =IFERROR(_xlfn.XLOOKUP(IF(_xlfn.XLOOKUP(RIGHT($B7,8),[1]加工記録２!$B:$B,[1]加工記録２!C:C,,0)="","",_xlfn.XLOOKUP(RIGHT($B7,8),[1]加工記録２!$B:$B,[1]加工記録２!C:C,,0))&C49,[1]温度換算!A:A,[1]温度換算!C:C),"") -> 222.3 | E49: =_xlfn.XLOOKUP(RIGHT($B7,8), [1]加工記録２!$B:$B,[1]加工記録２!W:W,,0) -> 221.85 | G49: =IFERROR(SUM(H49*$D41),"") -> 24 | H49: =_xlfn.XLOOKUP(RIGHT($B7,8),[1]加工記録２!$B:$B,[1]加工記録２!BS:BS,,0) -> 12
A50: =IFERROR(_xlfn.XLOOKUP(RIGHT($B7,8)&$J39,[1]加工記録２!B:B&[1]加工記録２!AD:AD,[1]加工記録２!BD:BD,,0),"/") -> 45798 | B50: =_xlfn.XLOOKUP(RIGHT($B7,8),[1]加工記録２!B:B,[1]加工記録２!BL:BL,,0) -> 25E16-01 | C50: =_xlfn.XLOOKUP(RIGHT($B7,8),[1]加工記録２!$B:$B,[1]加工記録２!Q:Q,,0) -> 26 | D50: =IFERROR(_xlfn.XLOOKUP(IF(_xlfn.XLOOKUP(RIGHT($B7,8),[1]加工記録２!$B:$B,[1]加工記録２!C:C,,0)="","",_xlfn.XLOOKUP(RIGHT($B7,8),[1]加工記録２!$B:$B,[1]加工記録２!C:C,,0))&C50,[1]温度換算!A:A,[1]温度換算!C:C),"") -> 222.3 | E50: =_xlfn.XLOOKUP(RIGHT($B7,8), [1]加工記録２!$B:$B,[1]加工記録２!X:X,,0) -> 221.83 | G50: =IFERROR(SUM(H50*$D41),"") | H50: =_xlfn.XLOOKUP(RIGHT($B7,8),[1]加工記録２!$B:$B,[1]加工記録２!BT:BT,,0) | I50: 加工Lot | J50: 箱数
A51: =IFERROR(_xlfn.XLOOKUP(RIGHT($B7,8)&$J39,[1]加工記録２!B:B&[1]加工記録２!AD:AD,[1]加工記録２!BE:BE,,0),"/") | B51: =_xlfn.XLOOKUP(RIGHT($B7,8),[1]加工記録２!B:B,[1]加工記録２!BM:BM,,0) | C51: =_xlfn.XLOOKUP(RIGHT($B7,8),[1]加工記録２!$B:$B,[1]加工記録２!R:R,,0) | D51: =IFERROR(_xlfn.XLOOKUP(IF(_xlfn.XLOOKUP(RIGHT($B7,8),[1]加工記録２!$B:$B,[1]加工記録２!C:C,,0)="","",_xlfn.XLOOKUP(RIGHT($B7,8),[1]加工記録２!$B:$B,[1]加工記録２!C:C,,0))&C51,[1]温度換算!A:A,[1]温度換算!C:C),"") | E51: =_xlfn.XLOOKUP(RIGHT($B7,8), [1]加工記録２!$B:$B,[1]加工記録２!Y:Y,,0) | G51: =IFERROR(SUM(H51*$D41),"") | H51: =_xlfn.XLOOKUP(RIGHT($B7,8),[1]加工記録２!$B:$B,[1]加工記録２!BU:BU,,0) | I51: =_xlfn.LET(_xlpm.val,_xlfn.XLOOKUP(RIGHT($B7,8),[1]加工記録２!$B:$B,[1]加工記録２!AQ:AQ,""),IF(OR(_xlpm.val="",_xlpm.val=0),"",_xlpm.val)) -> 45798 | J51: =_xlfn.LET(_xlpm.val,_xlfn.XLOOKUP(RIGHT($B7,8),[1]加工記録２!$B:$B,[1]加工記録２!AR:AR,""),IF(OR(_xlpm.val="",_xlpm.val=0),"",_xlpm.val)) -> 10
A52: =IFERROR(_xlfn.XLOOKUP(RIGHT($B7,8)&$J39,[1]加工記録２!B:B&[1]加工記録２!AD:AD,[1]加工記録２!BF:BF,,0),"/") | B52: =_xlfn.XLOOKUP(RIGHT($B7,8),[1]加工記録２!B:B,[1]加工記録２!BN:BN,,0) | C52: =_xlfn.XLOOKUP(RIGHT($B7,8),[1]加工記録２!$B:$B,[1]加工記録２!S:S,,0) | D52: =IFERROR(_xlfn.XLOOKUP(IF(_xlfn.XLOOKUP(RIGHT($B7,8),[1]加工記録２!$B:$B,[1]加工記録２!C:C,,0)="","",_xlfn.XLOOKUP(RIGHT($B7,8),[1]加工記録２!$B:$B,[1]加工記録２!C:C,,0))&C52,[1]温度換算!A:A,[1]温度換算!C:C),"") | E52: =_xlfn.XLOOKUP(RIGHT($B7,8), [1]加工記録２!$B:$B,[1]加工記録２!Z:Z,,0) | G52: =IFERROR(SUM(H52*$D41),"") | H52: =_xlfn.XLOOKUP(RIGHT($B7,8),[1]加工記録２!$B:$B,[1]加工記録２!BV:BV,,0) | I52: =_xlfn.LET(_xlpm.val,_xlfn.XLOOKUP(RIGHT($B7,8),[1]加工記録２!$B:$B,[1]加工記録２!AS:AS,""),IF(OR(_xlpm.val="",_xlpm.val=0),"",_xlpm.val)) | J52: =_xlfn.LET(_xlpm.val,_xlfn.XLOOKUP(RIGHT($B7,8),[1]加工記録２!$B:$B,[1]加工記録２!AT:AT,""),IF(OR(_xlpm.val="",_xlpm.val=0),"",_xlpm.val))
A53: =IFERROR(_xlfn.XLOOKUP(RIGHT($B7,8)&$J39,[1]加工記録２!B:B&[1]加工記録２!AD:AD,[1]加工記録２!BG:BG,,0),"/") | B53: =_xlfn.XLOOKUP(RIGHT($B7,8),[1]加工記録２!B:B,[1]加工記録２!BO:BO,,0) | C53: =_xlfn.XLOOKUP(RIGHT($B7,8),[1]加工記録２!$B:$B,[1]加工記録２!T:T,,0) | D53: =IFERROR(_xlfn.XLOOKUP(IF(_xlfn.XLOOKUP(RIGHT($B7,8),[1]加工記録２!$B:$B,[1]加工記録２!C:C,,0)="","",_xlfn.XLOOKUP(RIGHT($B7,8),[1]加工記録２!$B:$B,[1]加工記録２!C:C,,0))&C53,[1]温度換算!A:A,[1]温度換算!C:C),"") | E53: =_xlfn.XLOOKUP(RIGHT($B7,8), [1]加工記録２!$B:$B,[1]加工記録２!AA:AA,,0) | G53: =IFERROR(SUM(H53*$D41),"") | H53: =_xlfn.XLOOKUP(RIGHT($B7,8),[1]加工記録２!$B:$B,[1]加工記録２!BW:BW,,0) | I53: =_xlfn.LET(_xlpm.val,_xlfn.XLOOKUP(RIGHT($B7,8),[1]加工記録２!$B:$B,[1]加工記録２!AU:AU,""),IF(OR(_xlpm.val="",_xlpm.val=0),"",_xlpm.val)) | J53: =_xlfn.LET(_xlpm.val,_xlfn.XLOOKUP(RIGHT($B7,8),[1]加工記録２!$B:$B,[1]加工記録２!AV:AV,""),IF(OR(_xlpm.val="",_xlpm.val=0),"",_xlpm.val))
A54: =IFERROR(_xlfn.XLOOKUP(RIGHT($B7,8)&$J39,[1]加工記録２!B:B&[1]加工記録２!AD:AD,[1]加工記録２!BH:BH,,0),"/") | B54: =_xlfn.XLOOKUP(RIGHT($B7,8),[1]加工記録２!B:B,[1]加工記録２!BP:BP,,0) | C54: =_xlfn.XLOOKUP(RIGHT($B7,8),[1]加工記録２!$B:$B,[1]加工記録２!U:U,,0) | D54: =IFERROR(_xlfn.XLOOKUP(IF(_xlfn.XLOOKUP(RIGHT($B7,8),[1]加工記録２!$B:$B,[1]加工記録２!C:C,,0)="","",_xlfn.XLOOKUP(RIGHT($B7,8),[1]加工記録２!$B:$B,[1]加工記録２!C:C,,0))&C54,[1]温度換算!A:A,[1]温度換算!C:C),"") | E54: =_xlfn.XLOOKUP(RIGHT($B7,8), [1]加工記録２!$B:$B,[1]加工記録２!AB:AB,,0) | G54: =IFERROR(SUM(H54*$D41),"") | H54: =_xlfn.XLOOKUP(RIGHT($B7,8),[1]加工記録２!$B:$B,[1]加工記録２!BX:BX,,0) | I54: =_xlfn.LET(_xlpm.val,_xlfn.XLOOKUP(RIGHT($B7,8),[1]加工記録２!$B:$B,[1]加工記録２!AW:AW,""),IF(OR(_xlpm.val="",_xlpm.val=0),"",_xlpm.val)) | J54: =_xlfn.LET(_xlpm.val,_xlfn.XLOOKUP(RIGHT($B7,8),[1]加工記録２!$B:$B,[1]加工記録２!AX:AX,""),IF(OR(_xlpm.val="",_xlpm.val=0),"",_xlpm.val))
A55: =IFERROR(_xlfn.XLOOKUP(RIGHT($B7,8)&$J39,[1]加工記録２!B:B&[1]加工記録２!AD:AD,[1]加工記録２!BI:BI,,0),"/") | B55: =_xlfn.XLOOKUP(RIGHT($B7,8),[1]加工記録２!B:B,[1]加工記録２!BQ:BQ,,0) | C55: =_xlfn.XLOOKUP(RIGHT($B7,8),[1]加工記録２!$B:$B,[1]加工記録２!V:V,,0) | D55: =IFERROR(_xlfn.XLOOKUP(IF(_xlfn.XLOOKUP(RIGHT($B7,8),[1]加工記録２!$B:$B,[1]加工記録２!C:C,,0)="","",_xlfn.XLOOKUP(RIGHT($B7,8),[1]加工記録２!$B:$B,[1]加工記録２!C:C,,0))&C55,[1]温度換算!A:A,[1]温度換算!C:C),"") | E55: =_xlfn.XLOOKUP(RIGHT($B7,8), [1]加工記録２!$B:$B,[1]加工記録２!AC:AC,,0) | G55: =IFERROR(SUM(H55*$D41),"") | H55: =_xlfn.XLOOKUP(RIGHT($B7,8),[1]加工記録２!$B:$B,[1]加工記録２!BY:BY,,0) | I55: =_xlfn.LET(_xlpm.val,_xlfn.XLOOKUP(RIGHT($B7,8),[1]加工記録２!$B:$B,[1]加工記録２!AY:AY,""),IF(OR(_xlpm.val="",_xlpm.val=0),"",_xlpm.val)) | J55: =_xlfn.LET(_xlpm.val,_xlfn.XLOOKUP(RIGHT($B7,8),[1]加工記録２!$B:$B,[1]加工記録２!AZ:AZ,""),IF(OR(_xlpm.val="",_xlpm.val=0),"",_xlpm.val))
B58: 検査梱包指示書
A60: 品目番号 | B60: J1ZAFJB00205470 | C60: Ｌ寸 | D60: 547 | E60: 名称 | F60: 463301-2140灯具ｶﾊﾞｰPC IN | I60: 上長 | J60: 係員
A62: 製造指図№ | B62: 000000000003337 | E62: 原料名 | F62: J6VZ041
A64: 発注明細№ | B64: 000000000754610 | E64: 色 名 | F64: 拡散
E65: 製品Grp | F65: J1ZA
A66: 開始日 | B66: 45814 | E66: 入り数 | F66: 16
A67: 終了日 | B67: 45814 | E67: 梱包数 | F67: 5 | G67: 指示数量 | H67: 80
E68: 金 型 | F68: 4317
A69: *J1ZAFJB00205470* | G69: 格納先 | H69: V3J03 | I69: 樹脂第3倉庫 (在庫)
A71: 指図書備考
A73: 工順 | B73: 製造場所 | C73: 製造場所名 | E73: 工程 | F73: 工程名 | I73: 作業時間
A75: 1 | B75: V3Z01 | C75: 黒部工業 | E75: V3P13 | F75: 捺印
A76: 1 | B76: V3Z01 | C76: 黒部工業 | E76: V3P16 | F76: 検査・梱包
A82: 品目コード | C82: 品目名１ | F82: 在庫場所 | G82: 出庫数量 | I82: バッチ必要数
C83: 品目名２ | F83: 指図書備考
A85: J1ZAFJA00205470 | C85: @463301-2140灯具ｶﾊﾞｰPCIN | F85: V3J04 | G85: 80 | I85: 5
A86: *J1ZAFJA00205470* | C86: J6VZ041
A87: J6DW0043 | C87: 灯具-1 | F87: V3J03 | G87: 5.04 | I87: 0.315
A88: *J6DW0043*
A89: J6XX0050 | C89: (管理外)筋入ｸﾗﾌﾄ紙 | G89: 0.16 | I89: 0.01
A90: *J6XX0050* | C90: 300＊100
A95: 製品名 | E95: 梱包箱 | G95: A.不良内訳 | I95: 入庫日 | J95: 入庫数
A96: =F60 -> 463301-2140灯具ｶﾊﾞｰPC IN | E96: =IFERROR(IF(OR(J96="", F66="", F66=0, J96/F66=0), C87&" "&""&" 枚", C87&" "&J96/F66&" 枚"), C87&" "&""&" 枚") -> 灯具-1 4 枚 | G96: キズ | H96: =_xlfn.XLOOKUP(RIGHT($B64,8), [1]加工記録２!$B:$B,[1]加工記録２!AH:AH) -> 2 | I96: =MAX(I108:I112) -> 45799 | J96: =_xlfn.XLOOKUP(RIGHT($B64,8), [1]加工記録２!$B:$B,[1]加工記録２!AD:AD,,0) -> 64
E97: 端材使用 有 ・ 無 | G97: 凹み | H97: =_xlfn.XLOOKUP(RIGHT($B64,8), [1]加工記録２!$B:$B,[1]加工記録２!AI:AI,,0) -> 23
A98: 温度換算 | B98: =_xlfn.XLOOKUP(A69,[1]!テーブル5[品目コード],[1]!テーブル5[温度換算],,2) -> - | C98: 取数 | D98: =_xlfn.XLOOKUP(A69,[1]!テーブル5[品目コード],[1]!テーブル5[取数],,2) -> 1 | E98: 備考 | G98: 異物 | H98: =_xlfn.XLOOKUP(RIGHT($B64,8), [1]加工記録２!$B:$B,[1]加工記録２!AJ:AJ,,0) -> 0 | I98: 切断者 | J98: 検査者
E99: =_xlfn.XLOOKUP(A69,[1]!テーブル5[品目コード],[1]!テーブル5[備考１],,2) -> 梱包箱:1370(592×2) | G99: 欠け | H99: =_xlfn.XLOOKUP(RIGHT($B64,8), [1]加工記録２!$B:$B,[1]加工記録２!AK:AK,,0) -> 0 | I99: =_xlfn.XLOOKUP(RIGHT($B64,8), [1]加工記録２!$B:$B,[1]加工記録２!CA:CA,,0) -> 0 | J99: =_xlfn.XLOOKUP(RIGHT($B64,8), [1]加工記録２!$B:$B,[1]加工記録２!CB:CB,,0) -> 高森
A100: L寸 | B100: =D60 -> 547 | C100: +公差 | D100: =_xlfn.XLOOKUP(A69,[1]!テーブル5[品目コード],[1]!テーブル5[上限公差],,2) -> +2 | E100: =_xlfn.XLOOKUP(A69,[1]!テーブル5[品目コード],[1]!テーブル5[備考２],,2) -> クラフト紙：1370型 1/2 | G100: メヤニ | H100: =_xlfn.XLOOKUP(RIGHT($B64,8), [1]加工記録２!$B:$B,[1]加工記録２!AL:AL,,0) -> 0
E101: 梱包方法 | G101: ベコツキ | H101: =_xlfn.XLOOKUP(RIGHT($B64,8), [1]加工記録２!$B:$B,[1]加工記録２!AM:AM,,0) -> 0 | I101: E.製品不良数 | J101: F,基材不良
A102: 切断寸法 | B102: =_xlfn.XLOOKUP(A69,[1]!テーブル5[品目コード],[1]!テーブル5[切断寸法],,2) -> 換算表確認 | C102: -公差 | D102: =_xlfn.XLOOKUP(A69,[1]!テーブル5[品目コード],[1]!テーブル5[下限公差],,2) -> -2 | E102: =_xlfn.XLOOKUP(A69,[1]!テーブル5[品目コード],[1]!テーブル5[梱包方法],,2) -> ラベル２枚 長手有 鉢巻無 | G102: その他 | H102: =_xlfn.XLOOKUP(RIGHT($B64,8), [1]加工記録２!$B:$B,[1]加工記録２!AN:AN,,0) -> 0 | I102: =_xlfn.XLOOKUP(RIGHT($B64,8), [1]加工記録２!$B:$B,[1]加工記録２!AF:AF,,0) -> 25 | J102: =_xlfn.XLOOKUP(RIGHT($B64,8), [1]加工記録２!$B:$B,[1]加工記録２!AE:AE,,0) -> 25
G103: 合計 | H103: =SUM(H96:H102) -> 25
A104: 作業日 | B104: 基材Lot | C104: 温度 | D104: 換算寸法 | E104: 計測値 | F104: 備考、箱番号等 | G104: B.加工数 | H104: C.基材換算 | I104: D,端材使用 | J104: 使用基材数
A105: =IFERROR(_xlfn.XLOOKUP(RIGHT($B64,8)&$J96,[1]加工記録２!B:B&[1]加工記録２!AD:AD,[1]加工記録２!BB:BB,,0),"/") -> 45649 | B105: =_xlfn.XLOOKUP(RIGHT($B64,8),[1]加工記録２!$B:$B,[1]加工記録２!BJ:BJ,,0) -> 24L16-01 | F105: ※前回加工による端数品 | G105: =IFERROR(SUM(H105*$D98),"") -> 7 | H105: =_xlfn.XLOOKUP(RIGHT($B64,8),[1]加工記録２!$B:$B,[1]加工記録２!BR:BR,,0) -> 7 | I105: =_xlfn.XLOOKUP(RIGHT($B64,8), [1]加工記録２!$B:$B,[1]加工記録２!AO:AO,,0) -> 0 | J105: =_xlfn.XLOOKUP(RIGHT($B64,8), [1]加工記録２!$B:$B,[1]加工記録２!AG:AG,,0) -> 89
A106: =IFERROR(_xlfn.XLOOKUP(RIGHT($B64,8)&$J96,[1]加工記録２!B:B&[1]加工記録２!AD:AD,[1]加工記録２!BC:BC,,0),"/") -> 45798 | B106: =_xlfn.XLOOKUP(RIGHT($B64,8),[1]加工記録２!$B:$B,[1]加工記録２!BK:BK,,0) -> 25E16-01 | C106: =_xlfn.XLOOKUP(RIGHT($B64,8),[1]加工記録２!$B:$B,[1]加工記録２!P:P,,0) | D106: =IFERROR(_xlfn.XLOOKUP(IF(_xlfn.XLOOKUP(RIGHT($B64,8),[1]加工記録２!$B:$B,[1]加工記録２!C:C,,0)="","",_xlfn.XLOOKUP(RIGHT($B64,8),[1]加工記録２!$B:$B,[1]加工記録２!C:C,,0))&C106,[1]温度換算!A:A,[1]温度換算!C:C),"") | E106: =_xlfn.XLOOKUP(RIGHT($B64,8), [1]加工記録２!$B:$B,[1]加工記録２!W:W,,0) | G106: =IFERROR(SUM(H106*$D98),"") -> 82 | H106: =_xlfn.XLOOKUP(RIGHT($B64,8),[1]加工記録２!$B:$B,[1]加工記録２!BS:BS,,0) -> 82
A107: =IFERROR(_xlfn.XLOOKUP(RIGHT($B64,8)&$J96,[1]加工記録２!B:B&[1]加工記録２!AD:AD,[1]加工記録２!BD:BD,,0),"/") | B107: =_xlfn.XLOOKUP(RIGHT($B64,8),[1]加工記録２!B:B,[1]加工記録２!BL:BL,,0) | C107: =_xlfn.XLOOKUP(RIGHT($B64,8),[1]加工記録２!$B:$B,[1]加工記録２!Q:Q,,0) | D107: =IFERROR(_xlfn.XLOOKUP(IF(_xlfn.XLOOKUP(RIGHT($B64,8),[1]加工記録２!$B:$B,[1]加工記録２!C:C,,0)="","",_xlfn.XLOOKUP(RIGHT($B64,8),[1]加工記録２!$B:$B,[1]加工記録２!C:C,,0))&C107,[1]温度換算!A:A,[1]温度換算!C:C),"") | E107: =_xlfn.XLOOKUP(RIGHT($B64,8), [1]加工記録２!$B:$B,[1]加工記録２!X:X,,0) | G107: =IFERROR(SUM(H107*$D98),"") | H107: =_xlfn.XLOOKUP(RIGHT($B64,8),[1]加工記録２!$B:$B,[1]加工記録２!BT:BT,,0) | I107: 加工Lot | J107: 箱数
A108: =IFERROR(_xlfn.XLOOKUP(RIGHT($B64,8)&$J96,[1]加工記録２!B:B&[1]加工記録２!AD:AD,[1]加工記録２!BE:BE,,0),"/") | B108: =_xlfn.XLOOKUP(RIGHT($B64,8),[1]加工記録２!B:B,[1]加工記録２!BM:BM,,0) | C108: =_xlfn.XLOOKUP(RIGHT($B64,8),[1]加工記録２!$B:$B,[1]加工記録２!R:R,,0) | D108: =IFERROR(_xlfn.XLOOKUP(IF(_xlfn.XLOOKUP(RIGHT($B64,8),[1]加工記録２!$B:$B,[1]加工記録２!C:C,,0)="","",_xlfn.XLOOKUP(RIGHT($B64,8),[1]加工記録２!$B:$B,[1]加工記録２!C:C,,0))&C108,[1]温度換算!A:A,[1]温度換算!C:C),"") | E108: =_xlfn.XLOOKUP(RIGHT($B64,8), [1]加工記録２!$B:$B,[1]加工記録２!Y:Y,,0) | G108: =IFERROR(SUM(H108*$D98),"") | H108: =_xlfn.XLOOKUP(RIGHT($B64,8),[1]加工記録２!$B:$B,[1]加工記録２!BU:BU,,0) | I108: =_xlfn.LET(_xlpm.val,_xlfn.XLOOKUP(RIGHT($B64,8),[1]加工記録２!$B:$B,[1]加工記録２!AQ:AQ,""),IF(OR(_xlpm.val="",_xlpm.val=0),"",_xlpm.val)) | J108: =_xlfn.LET(_xlpm.val,_xlfn.XLOOKUP(RIGHT($B64,8),[1]加工記録２!$B:$B,[1]加工記録２!AR:AR,""),IF(OR(_xlpm.val="",_xlpm.val=0),"",_xlpm.val))
A109: =IFERROR(_xlfn.XLOOKUP(RIGHT($B64,8)&$J96,[1]加工記録２!B:B&[1]加工記録２!AD:AD,[1]加工記録２!BF:BF,,0),"/") | B109: =_xlfn.XLOOKUP(RIGHT($B64,8),[1]加工記録２!B:B,[1]加工記録２!BN:BN,,0) | C109: =_xlfn.XLOOKUP(RIGHT($B64,8),[1]加工記録２!$B:$B,[1]加工記録２!S:S,,0) | D109: =IFERROR(_xlfn.XLOOKUP(IF(_xlfn.XLOOKUP(RIGHT($B64,8),[1]加工記録２!$B:$B,[1]加工記録２!C:C,,0)="","",_xlfn.XLOOKUP(RIGHT($B64,8),[1]加工記録２!$B:$B,[1]加工記録２!C:C,,0))&C109,[1]温度換算!A:A,[1]温度換算!C:C),"") | E109: =_xlfn.XLOOKUP(RIGHT($B64,8), [1]加工記録２!$B:$B,[1]加工記録２!Z:Z,,0) | G109: =IFERROR(SUM(H109*$D98),"") | H109: =_xlfn.XLOOKUP(RIGHT($B64,8),[1]加工記録２!$B:$B,[1]加工記録２!BV:BV,,0) | I109: =_xlfn.LET(_xlpm.val,_xlfn.XLOOKUP(RIGHT($B64,8),[1]加工記録２!$B:$B,[1]加工記録２!AS:AS,""),IF(OR(_xlpm.val="",_xlpm.val=0),"",_xlpm.val)) -> 45799 | J109: =_xlfn.LET(_xlpm.val,_xlfn.XLOOKUP(RIGHT($B64,8),[1]加工記録２!$B:$B,[1]加工記録２!AT:AT,""),IF(OR(_xlpm.val="",_xlpm.val=0),"",_xlpm.val)) -> 4
A110: =IFERROR(_xlfn.XLOOKUP(RIGHT($B64,8)&$J96,[1]加工記録２!B:B&[1]加工記録２!AD:AD,[1]加工記録２!BG:BG,,0),"/") | B110: =_xlfn.XLOOKUP(RIGHT($B64,8),[1]加工記録２!B:B,[1]加工記録２!BO:BO,,0) | C110: =_xlfn.XLOOKUP(RIGHT($B64,8),[1]加工記録２!$B:$B,[1]加工記録２!T:T,,0) | D110: =IFERROR(_xlfn.XLOOKUP(IF(_xlfn.XLOOKUP(RIGHT($B64,8),[1]加工記録２!$B:$B,[1]加工記録２!C:C,,0)="","",_xlfn.XLOOKUP(RIGHT($B64,8),[1]加工記録２!$B:$B,[1]加工記録２!C:C,,0))&C110,[1]温度換算!A:A,[1]温度換算!C:C),"") | E110: =_xlfn.XLOOKUP(RIGHT($B64,8), [1]加工記録２!$B:$B,[1]加工記録２!AA:AA,,0) | G110: =IFERROR(SUM(H110*$D98),"") | H110: =_xlfn.XLOOKUP(RIGHT($B64,8),[1]加工記録２!$B:$B,[1]加工記録２!BW:BW,,0) | I110: =_xlfn.LET(_xlpm.val,_xlfn.XLOOKUP(RIGHT($B64,8),[1]加工記録２!$B:$B,[1]加工記録２!AU:AU,""),IF(OR(_xlpm.val="",_xlpm.val=0),"",_xlpm.val)) | J110: =_xlfn.LET(_xlpm.val,_xlfn.XLOOKUP(RIGHT($B64,8),[1]加工記録２!$B:$B,[1]加工記録２!AV:AV,""),IF(OR(_xlpm.val="",_xlpm.val=0),"",_xlpm.val))
A111: =IFERROR(_xlfn.XLOOKUP(RIGHT($B64,8)&$J96,[1]加工記録２!B:B&[1]加工記録２!AD:AD,[1]加工記録２!BH:BH,,0),"/") | B111: =_xlfn.XLOOKUP(RIGHT($B64,8),[1]加工記録２!B:B,[1]加工記録２!BP:BP,,0) | C111: =_xlfn.XLOOKUP(RIGHT($B64,8),[1]加工記録２!$B:$B,[1]加工記録２!U:U,,0) | D111: =IFERROR(_xlfn.XLOOKUP(IF(_xlfn.XLOOKUP(RIGHT($B64,8),[1]加工記録２!$B:$B,[1]加工記録２!C:C,,0)="","",_xlfn.XLOOKUP(RIGHT($B64,8),[1]加工記録２!$B:$B,[1]加工記録２!C:C,,0))&C111,[1]温度換算!A:A,[1]温度換算!C:C),"") | E111: =_xlfn.XLOOKUP(RIGHT($B64,8), [1]加工記録２!$B:$B,[1]加工記録２!AB:AB,,0) | G111: =IFERROR(SUM(H111*$D98),"") | H111: =_xlfn.XLOOKUP(RIGHT($B64,8),[1]加工記録２!$B:$B,[1]加工記録２!BX:BX,,0) | I111: =_xlfn.LET(_xlpm.val,_xlfn.XLOOKUP(RIGHT($B64,8),[1]加工記録２!$B:$B,[1]加工記録２!AW:AW,""),IF(OR(_xlpm.val="",_xlpm.val=0),"",_xlpm.val)) | J111: =_xlfn.LET(_xlpm.val,_xlfn.XLOOKUP(RIGHT($B64,8),[1]加工記録２!$B:$B,[1]加工記録２!AX:AX,""),IF(OR(_xlpm.val="",_xlpm.val=0),"",_xlpm.val))
A112: =IFERROR(_xlfn.XLOOKUP(RIGHT($B64,8)&$J96,[1]加工記録２!B:B&[1]加工記録２!AD:AD,[1]加工記録２!BI:BI,,0),"/") | B112: =_xlfn.XLOOKUP(RIGHT($B64,8),[1]加工記録２!B:B,[1]加工記録２!BQ:BQ,,0) | C112: =_xlfn.XLOOKUP(RIGHT($B64,8),[1]加工記録２!$B:$B,[1]加工記録２!V:V,,0) | D112: =IFERROR(_xlfn.XLOOKUP(IF(_xlfn.XLOOKUP(RIGHT($B64,8),[1]加工記録２!$B:$B,[1]加工記録２!C:C,,0)="","",_xlfn.XLOOKUP(RIGHT($B64,8),[1]加工記録２!$B:$B,[1]加工記録２!C:C,,0))&C112,[1]温度換算!A:A,[1]温度換算!C:C),"") | E112: =_xlfn.XLOOKUP(RIGHT($B64,8), [1]加工記録２!$B:$B,[1]加工記録２!AC:AC,,0) | G112: =IFERROR(SUM(H112*$D98),"") | H112: =_xlfn.XLOOKUP(RIGHT($B64,8),[1]加工記録２!$B:$B,[1]加工記録２!BY:BY,,0) | I112: =_xlfn.LET(_xlpm.val,_xlfn.XLOOKUP(RIGHT($B64,8),[1]加工記録２!$B:$B,[1]加工記録２!AY:AY,""),IF(OR(_xlpm.val="",_xlpm.val=0),"",_xlpm.val)) | J112: =_xlfn.LET(_xlpm.val,_xlfn.XLOOKUP(RIGHT($B64,8),[1]加工記録２!$B:$B,[1]加工記録２!AZ:AZ,""),IF(OR(_xlpm.val="",_xlpm.val=0),"",_xlpm.val))
B115: 検査梱包指示書
A117: 品目番号 | B117: J1ZAFJB00208400 | C117: Ｌ寸 | D117: 840 | E117: 名称 | F117: 463301-2090灯具ｶﾊﾞｰPC IN | I117: 上長 | J117: 係員
A119: 製造指図№ | B119: 000000000003338 | E119: 原料名 | F119: J6VZ041
A121: 発注明細№ | B121: 000000000754611 | E121: 色 名 | F121: 拡散
E122: 製品Grp | F122: J1ZA
A123: 開始日 | B123: 45806 | E123: 入り数 | F123: 16
A124: 終了日 | B124: 45806 | E124: 梱包数 | F124: 12 | G124: 指示数量 | H124: 192
E125: 金 型 | F125: 4317
A126: *J1ZAFJB00208400* | G126: 格納先 | H126: V3J03 | I126: 樹脂第3倉庫 (在庫)
A128: 指図書備考
A130: 工順 | B130: 製造場所 | C130: 製造場所名 | E130: 工程 | F130: 工程名 | I130: 作業時間
A132: 1 | B132: V3Z01 | C132: 黒部工業 | E132: V3P13 | F132: 捺印
A133: 1 | B133: V3Z01 | C133: 黒部工業 | E133: V3P16 | F133: 検査・梱包
A139: 品目コード | C139: 品目名１ | F139: 在庫場所 | G139: 出庫数量 | I139: バッチ必要数
C140: 品目名２ | F140: 指図書備考
A142: J1ZAFJA00208400 | C142: @463301-2090灯具ｶﾊﾞｰPCIN | F142: V3J04 | G142: 192 | I142: 12
A143: *J1ZAFJA00208400* | C143: J6VZ041
A144: J6DW0044 | C144: 灯具-2 | F144: V3J03 | G144: 5.952 | I144: 0.372
A145: *J6DW0044*
A146: J6XX0050 | C146: (管理外)筋入ｸﾗﾌﾄ紙 | G146: 0.576 | I146: 0.036
A147: *J6XX0050* | C147: 300＊100
A152: 製品名 | E152: 梱包箱 | G152: A.不良内訳 | I152: 入庫日 | J152: 入庫数
A153: =F117 -> 463301-2090灯具ｶﾊﾞｰPC IN | E153: =IFERROR(IF(OR(J153="", F123="", F123=0, J153/F123=0), C144&" "&""&" 枚", C144&" "&J153/F123&" 枚"), C144&" "&""&" 枚") -> 灯具-2 11 枚 | G153: キズ | H153: =_xlfn.XLOOKUP(RIGHT($B121,8), [1]加工記録２!$B:$B,[1]加工記録２!AH:AH) -> 19 | I153: =MAX(I165:I169) -> 45798 | J153: =_xlfn.XLOOKUP(RIGHT($B121,8), [1]加工記録２!$B:$B,[1]加工記録２!AD:AD,,0) -> 176
...
