Workbook
Name DB: #REF!

Sheet 帳票レイアウト Copy
B1: 検査梱包指示書
A3: 品目番号 | B3: J1ECZZB00105200 | C3: Ｌ寸 | D3: 520 | E3: 名称 | F3: L型ｱﾝｸﾞﾙP-VH-42D | I3: 上長 | J3: 係員
A5: 製造指図№ | B5: 000000000004267 | E5: 原料名 | F5: (J6VB075)
A7: 発注明細№ | B7: 000000000762880 | E7: 色 名 | F7: ｼﾛ
E8: 製品Grp | F8: J1EA
A9: 開始日 | B9: 45835 | E9: 入り数 | F9: 100
A10: 終了日 | B10: 45835 | E10: 梱包数 | F10: 4 | G10: 指示数量 | H10: 400
E11: 金 型 | F11: 4088
A12: *J1ECZZB00105200* | G12: 格納先 | H12: V3J03 | I12: 樹脂第3倉庫 (在庫)
A14: 指図書備考
A16: 工順 | B16: 製造場所 | C16: 製造場所名 | E16: 工程 | F16: 工程名 | I16: 作業時間
A18: 1 | B18: V3Z01 | C18: 黒部工業 | E18: V3P05 | F18: 切断
A19: 1 | B19: V3Z01 | C19: 黒部工業 | E19: V3P16 | F19: 検査・梱包
A25: 品目コード | C25: 品目名１ | F25: 在庫場所 | G25: 出庫数量 | I25: バッチ必要数
C26: 品目名２ | F26: 指図書備考
A28: J1ECZZA00116000 | C28: @L型ｱﾝｸﾞﾙ | F28: V3J01 | G28: 130 | I28: 1.3
A29: *J1ECZZA00116000* | C29: (J6VB075)
A30: J6DK0004 | C30: S-30 | F30: V3J03 | G30: 4 | I30: 0.04
A31: *J6DK0004*
A38: 製品名 | E38: 備考、梱包方法等 | H38: 加工内容 | J38: 不良内訳
A39: =_xlfn.XLOOKUP(B3,[1]VFDB2!A:A,[1]VFDB2!B:B) -> L型ｱﾝｸﾞﾙ P-VH-42D L=520 | E39: {=IFERROR(IF(ISBLANK(INDEX(_xlfn._xlws.FILTER([1]加工記録２!$C$3:$C$445, [1]加工記録２!$T$3:$T$445=B5), 6)), "", INDEX(_xlfn._xlws.FILTER([1]加工記録２!$C$3:$C$445, [1]加工記録２!$T$3:$T$445=B5), 6)),"")} -> S-30 | G39: {=IFERROR(IF(ISBLANK(INDEX(_xlfn._xlws.FILTER([1]加工記録２!$B$3:$B$445, [1]加工記録２!$T$3:$T$445=B5), 7)), "", INDEX(_xlfn._xlws.FILTER([1]加工記録２!$B$3:$B$445, [1]加工記録２!$T$3:$T$445=B5), 7)),"")} -> 4 | H39: 入庫日 | I39: {=IFERROR(IF(ISBLANK(INDEX(_xlfn._xlws.FILTER([1]加工記録２!$O$3:$P$445, [1]加工記録２!$T$3:$T$445=B5), 1)), "", INDEX(_xlfn._xlws.FILTER([1]加工記録２!$O$3:$P$445, [1]加工記録２!$T$3:$T$445=B5), 1)),"")} -> 45828
H40: 入庫数 | I40: {=IFERROR(IF(ISBLANK(INDEX(_xlfn._xlws.FILTER([1]加工記録２!$O$3:$P$445, [1]加工記録２!$T$3:$T$445=B5), 2)), "", INDEX(_xlfn._xlws.FILTER([1]加工記録２!$O$3:$P$445, [1]加工記録２!$T$3:$T$445=B5), 2)),"")} -> 400
A41: 温度換算 | B41: =_xlfn.XLOOKUP(B3,[1]!テーブル5[品目コード],[1]!テーブル5[温度換算],,) -> - | C41: 取数 | D41: 3 | E41: =_xlfn.XLOOKUP(B3,[1]!テーブル5[品目コード],[1]!テーブル5[備考１],,) -> 0 | H41: 使用基材 | I41: {=IFERROR(IF(ISBLANK(INDEX(_xlfn._xlws.FILTER([1]加工記録２!$O$3:$P$445, [1]加工記録２!$T$3:$T$445=B5), 3)), "", INDEX(_xlfn._xlws.FILTER([1]加工記録２!$O$3:$P$445, [1]加工記録２!$T$3:$T$445=B5), 3)),"")} -> 134
H42: 基材不良 | I42: {=IFERROR(IF(ISBLANK(INDEX(_xlfn._xlws.FILTER([1]加工記録２!$O$3:$P$445, [1]加工記録２!$T$3:$T$445=B5), 4)), "", INDEX(_xlfn._xlws.FILTER([1]加工記録２!$O$3:$P$445, [1]加工記録２!$T$3:$T$445=B5), 4)),"")} -> 0
A43: L寸 | B43: =D3 -> 520 | C43: +公差 | D43: =_xlfn.XLOOKUP(B3,[1]!テーブル5[品目コード],[1]!テーブル5[上限公差],,) -> 0 | E43: =_xlfn.XLOOKUP(B3,[1]!テーブル5[品目コード],[1]!テーブル5[備考２],,) -> ※使用基材、取数は依頼書にて確認 | H43: 製品不良 | I43: {=IFERROR(IF(ISBLANK(INDEX(_xlfn._xlws.FILTER([1]加工記録２!$O$3:$P$445, [1]加工記録２!$T$3:$T$445=B5), 5)), "", INDEX(_xlfn._xlws.FILTER([1]加工記録２!$O$3:$P$445, [1]加工記録２!$T$3:$T$445=B5), 5)),"")} -> 0
H44: 端材使用 | I44: {=IFERROR(IF(ISBLANK(INDEX(_xlfn._xlws.FILTER([1]加工記録２!$O$3:$P$445, [1]加工記録２!$T$3:$T$445=B5), 6)), "", INDEX(_xlfn._xlws.FILTER([1]加工記録２!$O$3:$P$445, [1]加工記録２!$T$3:$T$445=B5), 6)),"")}
A45: 切断寸法 | B45: =_xlfn.XLOOKUP(B3,[1]!テーブル5[品目コード],[1]!テーブル5[切断寸法],,) -> 519 | C45: -公差 | D45: =_xlfn.XLOOKUP(B3,[1]!テーブル5[品目コード],[1]!テーブル5[下限公差],,) -> -3 | E45: =_xlfn.XLOOKUP(B3,[1]!テーブル5[品目コード],[1]!テーブル5[梱包方法],,) -> ラベル２枚 長手有 鉢巻無 | H45: 切断者 | I45: {=IFERROR(IF(ISBLANK(INDEX(_xlfn._xlws.FILTER([1]加工記録２!$O$3:$P$445, [1]加工記録２!$T$3:$T$445=B5), 7)), "", INDEX(_xlfn._xlws.FILTER([1]加工記録２!$O$3:$P$445, [1]加工記録２!$T$3:$T$445=B5), 7)),"")} -> 富田・水野
H46: 検査者 | I46: {=IFERROR(IF(ISBLANK(INDEX(_xlfn._xlws.FILTER([1]加工記録２!$O$3:$P$445, [1]加工記録２!$T$3:$T$445=B5), 8)), "", INDEX(_xlfn._xlws.FILTER([1]加工記録２!$O$3:$P$445, [1]加工記録２!$T$3:$T$445=B5), 8)),"")} | J46: 0
A47: 作業日 | B47: 基材Lot | C47: 温度 | D47: 換算寸法 | E47: 計測値 | F47: 使用Lot | G47: 加工数 | H47: 基材換算 | I47: 加工Lot | J47: 箱数
A48: {=IFERROR(IF(ISBLANK(INDEX(_xlfn._xlws.FILTER([1]加工記録２!$D$3:$M$445, [1]加工記録２!$T$3:$T$445=B5), 1)), "", INDEX(_xlfn._xlws.FILTER([1]加工記録２!$D$3:$M$445, [1]加工記録２!$T$3:$T$445=B5), 1)),"")} | F48: 25F11B | G48: 402 | H48: 134 | I48: 45828 | J48: 4
A49: {=IFERROR(IF(ISBLANK(INDEX(_xlfn._xlws.FILTER([1]加工記録２!$D$3:$M$445, [1]加工記録２!$T$3:$T$445=B5), 2)), "", INDEX(_xlfn._xlws.FILTER([1]加工記録２!$D$3:$M$445, [1]加工記録２!$T$3:$T$445=B5), 2)),"")} -> 45828 | B49: 25F11B | D49: 520 | E49: 519.51
A50: {=IFERROR(IF(ISBLANK(INDEX(_xlfn._xlws.FILTER([1]加工記録２!$D$3:$M$445, [1]加工記録２!$T$3:$T$445=B5), 3)), "", INDEX(_xlfn._xlws.FILTER([1]加工記録２!$D$3:$M$445, [1]加工記録２!$T$3:$T$445=B5), 3)),"")} -> 45828 | B50: 25F11B | D50: 520 | E50: 519.61
A51: {=IFERROR(IF(ISBLANK(INDEX(_xlfn._xlws.FILTER([1]加工記録２!$D$3:$M$445, [1]加工記録２!$T$3:$T$445=B5), 4)), "", INDEX(_xlfn._xlws.FILTER([1]加工記録２!$D$3:$M$445, [1]加工記録２!$T$3:$T$445=B5), 4)),"")}
A52: {=IFERROR(IF(ISBLANK(INDEX(_xlfn._xlws.FILTER([1]加工記録２!$D$3:$M$445, [1]加工記録２!$T$3:$T$445=B5), 5)), "", INDEX(_xlfn._xlws.FILTER([1]加工記録２!$D$3:$M$445, [1]加工記録２!$T$3:$T$445=B5), 5)),"")}
A53: {=IFERROR(IF(ISBLANK(INDEX(_xlfn._xlws.FILTER([1]加工記録２!$D$3:$M$445, [1]加工記録２!$T$3:$T$445=B5), 6)), "", INDEX(_xlfn._xlws.FILTER([1]加工記録２!$D$3:$M$445, [1]加工記録２!$T$3:$T$445=B5), 6)),"")}
A54: {=IFERROR(IF(ISBLANK(INDEX(_xlfn._xlws.FILTER([1]加工記録２!$D$3:$M$445, [1]加工記録２!$T$3:$T$445=B5), 7)), "", INDEX(_xlfn._xlws.FILTER([1]加工記録２!$D$3:$M$445, [1]加工記録２!$T$3:$T$445=B5), 7)),"")}
A55: {=IFERROR(F(ISBLANK(INDEX(_xlfn._xlws.FILTER([1]加工記録２!$D$3:$M$445, [1]加工記録２!$T$3:$T$445=B5), 8)), "", INDEX(_xlfn._xlws.FILTER([1]加工記録２!$D$3:$M$445, [1]加工記録２!$T$3:$T$445=B5), 8)),"")}
B58: 検査梱包指示書
A60: 品目番号 | B60: J1ECZZB00105300 | C60: Ｌ寸 | D60: 530 | E60: 名称 | F60: L型ｱﾝｸﾞﾙP-VH-C | I60: 上長 | J60: 係員
A62: 製造指図№ | B62: 000000000004268 | E62: 原料名 | F62: (J6VB075)
A64: 発注明細№ | B64: 000000000762881 | E64: 色 名 | F64: ｼﾛ
E65: 製品Grp | F65: J1EA
A66: 開始日 | B66: 45835 | E66: 入り数 | F66: 100
A67: 終了日 | B67: 45835 | E67: 梱包数 | F67: 8 | G67: 指示数量 | H67: 800
E68: 金 型 | F68: 4088
A69: *J1ECZZB00105300* | G69: 格納先 | H69: V3J03 | I69: 樹脂第3倉庫 (在庫)
A71: 指図書備考
A73: 工順 | B73: 製造場所 | C73: 製造場所名 | E73: 工程 | F73: 工程名 | I73: 作業時間
A75: 1 | B75: V3Z01 | C75: 黒部工業 | E75: V3P05 | F75: 切断
A76: 1 | B76: V3Z01 | C76: 黒部工業 | E76: V3P16 | F76: 検査・梱包
A82: 品目コード | C82: 品目名１ | F82: 在庫場所 | G82: 出庫数量 | I82: バッチ必要数
C83: 品目名２ | F83: 指図書備考
A85: J1ECZZA00116000 | C85: @L型ｱﾝｸﾞﾙ | F85: V3J01 | G85: 284.8 | I85: 2.848
A86: *J1ECZZA00116000* | C86: (J6VB075)
A87: J6DK0004 | C87: S-30 | F87: V3J03 | G87: 8 | I87: 0.08
A88: *J6DK0004*
A95: 製品名 | E95: 備考、梱包方法等 | H95: 加工内容 | J95: 不良内訳
A96: =_xlfn.XLOOKUP(B60,[1]VFDB2!A:A,[1]VFDB2!B:B) -> L型ｱﾝｸﾞﾙ P-VH-C L=530 | E96: {=IFERROR(IF(ISBLANK(INDEX(_xlfn._xlws.FILTER([1]加工記録２!$C$3:$C$445, [1]加工記録２!$T$3:$T$445=B62), 6)), "", INDEX(_xlfn._xlws.FILTER([1]加工記録２!$C$3:$C$445, [1]加工記録２!$T$3:$T$445=B62), 6)),"")} -> S-30 | G96: {=IFERROR(IF(ISBLANK(INDEX(_xlfn._xlws.FILTER([1]加工記録２!$B$3:$B$445, [1]加工記録２!$T$3:$T$445=B62), 7)), "", INDEX(_xlfn._xlws.FILTER([1]加工記録２!$B$3:$B$445, [1]加工記録２!$T$3:$T$445=B62), 7)),"")} -> 8 | H96: 入庫日 | I96: {=IFERROR(IF(ISBLANK(INDEX(_xlfn._xlws.FILTER([1]加工記録２!$O$3:$P$445, [1]加工記録２!$T$3:$T$445=B62), 1)), "", INDEX(_xlfn._xlws.FILTER([1]加工記録２!$O$3:$P$445, [1]加工記録２!$T$3:$T$445=B62), 1)),"")} -> 45828
H97: 入庫数 | I97: {=IFERROR(IF(ISBLANK(INDEX(_xlfn._xlws.FILTER([1]加工記録２!$O$3:$P$445, [1]加工記録２!$T$3:$T$445=B62), 2)), "", INDEX(_xlfn._xlws.FILTER([1]加工記録２!$O$3:$P$445, [1]加工記録２!$T$3:$T$445=B62), 2)),"")} -> 800
A98: 温度換算 | B98: =_xlfn.XLOOKUP(B60,[1]!テーブル5[品目コード],[1]!テーブル5[温度換算],,) -> - | C98: 取数 | D98: 3 | E98: =_xlfn.XLOOKUP(B60,[1]!テーブル5[品目コード],[1]!テーブル5[備考１],,) -> 0 | H98: 使用基材 | I98: {=IFERROR(IF(ISBLANK(INDEX(_xlfn._xlws.FILTER([1]加工記録２!$O$3:$P$445, [1]加工記録２!$T$3:$T$445=B62), 3)), "", INDEX(_xlfn._xlws.FILTER([1]加工記録２!$O$3:$P$445, [1]加工記録２!$T$3:$T$445=B62), 3)),"")} -> 266
H99: 基材不良 | I99: {=IFERROR(IF(ISBLANK(INDEX(_xlfn._xlws.FILTER([1]加工記録２!$O$3:$P$445, [1]加工記録２!$T$3:$T$445=B62), 4)), "", INDEX(_xlfn._xlws.FILTER([1]加工記録２!$O$3:$P$445, [1]加工記録２!$T$3:$T$445=B62), 4)),"")} -> 0
A100: L寸 | B100: =D60 -> 530 | C100: +公差 | D100: =_xlfn.XLOOKUP(B60,[1]!テーブル5[品目コード],[1]!テーブル5[上限公差],,) -> 0 | E100: =_xlfn.XLOOKUP(B60,[1]!テーブル5[品目コード],[1]!テーブル5[備考２],,) -> ※使用基材、取数は依頼書にて確認 | H100: 製品不良 | I100: {=IFERROR(IF(ISBLANK(INDEX(_xlfn._xlws.FILTER([1]加工記録２!$O$3:$P$445, [1]加工記録２!$T$3:$T$445=B62), 5)), "", INDEX(_xlfn._xlws.FILTER([1]加工記録２!$O$3:$P$445, [1]加工記録２!$T$3:$T$445=B62), 5)),"")} -> 0
H101: 端材使用 | I101: {=IFERROR(IF(ISBLANK(INDEX(_xlfn._xlws.FILTER([1]加工記録２!$O$3:$P$445, [1]加工記録２!$T$3:$T$445=B62), 6)), "", INDEX(_xlfn._xlws.FILTER([1]加工記録２!$O$3:$P$445, [1]加工記録２!$T$3:$T$445=B62), 6)),"")}
A102: 切断寸法 | B102: =_xlfn.XLOOKUP(B60,[1]!テーブル5[品目コード],[1]!テーブル5[切断寸法],,) -> 529 | C102: -公差 | D102: =_xlfn.XLOOKUP(B60,[1]!テーブル5[品目コード],[1]!テーブル5[下限公差],,) -> -3 | E102: =_xlfn.XLOOKUP(B60,[1]!テーブル5[品目コード],[1]!テーブル5[梱包方法],,) -> ラベル２枚 長手有 鉢巻無 | H102: 切断者 | I102: {=IFERROR(IF(ISBLANK(INDEX(_xlfn._xlws.FILTER([1]加工記録２!$O$3:$P$445, [1]加工記録２!$T$3:$T$445=B62), 7)), "", INDEX(_xlfn._xlws.FILTER([1]加工記録２!$O$3:$P$445, [1]加工記録２!$T$3:$T$445=B62), 7)),"")} -> 富田・水野
H103: 検査者 | I103: {=IFERROR(IF(ISBLANK(INDEX(_xlfn._xlws.FILTER([1]加工記録２!$O$3:$P$445, [1]加工記録２!$T$3:$T$445=B62), 8)), "", INDEX(_xlfn._xlws.FILTER([1]加工記録２!$O$3:$P$445, [1]加工記録２!$T$3:$T$445=B62), 8)),"")} | J103: 0
A104: 作業日 | B104: 基材Lot | C104: 温度 | D104: 換算寸法 | E104: 計測値 | F104: 使用Lot | G104: 加工数 | H104: 基材換算 | I104: 加工Lot | J104: 箱数
A105: {=IFERROR(IF(ISBLANK(INDEX(_xlfn._xlws.FILTER([1]加工記録２!$D$3:$M$445, [1]加工記録２!$T$3:$T$445=B62), 1)), "", INDEX(_xlfn._xlws.FILTER([1]加工記録２!$D$3:$M$445, [1]加工記録２!$T$3:$T$445=B62), 1)),"")} | F105: 25F11B | G105: 48 | H105: 16 | I105: 45828 | J105: 8
A106: {=IFERROR(IF(ISBLANK(INDEX(_xlfn._xlws.FILTER([1]加工記録２!$D$3:$M$445, [1]加工記録２!$T$3:$T$445=B62), 2)), "", INDEX(_xlfn._xlws.FILTER([1]加工記録２!$D$3:$M$445, [1]加工記録２!$T$3:$T$445=B62), 2)),"")} -> 45828 | B106: 25F11B | D106: 530 | E106: 529.71 | F106: 25F10B | G106: 726 | H106: 242
A107: {=IFERROR(IF(ISBLANK(INDEX(_xlfn._xlws.FILTER([1]加工記録２!$D$3:$M$445, [1]加工記録２!$T$3:$T$445=B62), 3)), "", INDEX(_xlfn._xlws.FILTER([1]加工記録２!$D$3:$M$445, [1]加工記録２!$T$3:$T$445=B62), 3)),"")} -> 45828 | B107: 25F10B | D107: 530 | F107: 25C05B | G107: 24 | H107: 8
A108: {=IFERROR(IF(ISBLANK(INDEX(_xlfn._xlws.FILTER([1]加工記録２!$D$3:$M$445, [1]加工記録２!$T$3:$T$445=B62), 4)), "", INDEX(_xlfn._xlws.FILTER([1]加工記録２!$D$3:$M$445, [1]加工記録２!$T$3:$T$445=B62), 4)),"")} -> 45828 | B108: 25C05B | D108: 530 | E108: 529.67
A109: {=IFERROR(IF(ISBLANK(INDEX(_xlfn._xlws.FILTER([1]加工記録２!$D$3:$M$445, [1]加工記録２!$T$3:$T$445=B62), 5)), "", INDEX(_xlfn._xlws.FILTER([1]加工記録２!$D$3:$M$445, [1]加工記録２!$T$3:$T$445=B62), 5)),"")}
A110: {=IFERROR(IF(ISBLANK(INDEX(_xlfn._xlws.FILTER([1]加工記録２!$D$3:$M$445, [1]加工記録２!$T$3:$T$445=B62), 6)), "", INDEX(_xlfn._xlws.FILTER([1]加工記録２!$D$3:$M$445, [1]加工記録２!$T$3:$T$445=B62), 6)),"")}
A111: {=IFERROR(IF(ISBLANK(INDEX(_xlfn._xlws.FILTER([1]加工記録２!$D$3:$M$445, [1]加工記録２!$T$3:$T$445=B62), 7)), "", INDEX(_xlfn._xlws.FILTER([1]加工記録２!$D$3:$M$445, [1]加工記録２!$T$3:$T$445=B62), 7)),"")}
A112: {=IFERROR(F(ISBLANK(INDEX(_xlfn._xlws.FILTER([1]加工記録２!$D$3:$M$445, [1]加工記録２!$T$3:$T$445=B62), 8)), "", INDEX(_xlfn._xlws.FILTER([1]加工記録２!$D$3:$M$445, [1]加工記録２!$T$3:$T$445=B62), 8)),"")}
B115: 検査梱包指示書
A117: 品目番号 | B117: J1ECZZB00105900 | C117: Ｌ寸 | D117: 590 | E117: 名称 | F117: L型ｱﾝｸﾞﾙWT-42B | I117: 上長 | J117: 係員
A119: 製造指図№ | B119: 000000000004269 | E119: 原料名 | F119: (J6VB075)
A121: 発注明細№ | B121: 000000000762882 | E121: 色 名 | F121: ｼﾛ
E122: 製品Grp | F122: J1EA
A123: 開始日 | B123: 45835 | E123: 入り数 | F123: 100
A124: 終了日 | B124: 45835 | E124: 梱包数 | F124: 4 | G124: 指示数量 | H124: 400
E125: 金 型 | F125: 4088
A126: *J1ECZZB00105900* | G126: 格納先 | H126: V3J03 | I126: 樹脂第3倉庫 (在庫)
A128: 指図書備考
A130: 工順 | B130: 製造場所 | C130: 製造場所名 | E130: 工程 | F130: 工程名 | I130: 作業時間
A132: 1 | B132: V3Z01 | C132: 黒部工業 | E132: V3P05 | F132: 切断
A133: 1 | B133: V3Z01 | C133: 黒部工業 | E133: V3P16 | F133: 検査・梱包
A139: 品目コード | C139: 品目名１ | F139: 在庫場所 | G139: 出庫数量 | I139: バッチ必要数
C140: 品目名２ | F140: 指図書備考
A142: J1ECZZA00116000 | C142: @L型ｱﾝｸﾞﾙ | F142: V3J01 | G142: 149.2 | I142: 1.492
A143: *J1ECZZA00116000* | C143: (J6VB075)
A144: J6DK0004 | C144: S-30 | F144: V3J03 | G144: 4 | I144: 0.04
A145: *J6DK0004*
A152: 製品名 | E152: 備考、梱包方法等 | H152: 加工内容 | J152: 不良内訳
A153: =_xlfn.XLOOKUP(B117,[1]VFDB2!A:A,[1]VFDB2!B:B) -> L型ｱﾝｸﾞﾙ WT-42B L=590 | E153: {=IFERROR(IF(ISBLANK(INDEX(_xlfn._xlws.FILTER([1]加工記録２!$C$3:$C$445, [1]加工記録２!$T$3:$T$445=B119), 6)), "", INDEX(_xlfn._xlws.FILTER([1]加工記録２!$C$3:$C$445, [1]加工記録２!$T$3:$T$445=B119), 6)),"")} -> S-30 | G153: {=IFERROR(IF(ISBLANK(INDEX(_xlfn._xlws.FILTER([1]加工記録２!$B$3:$B$445, [1]加工記録２!$T$3:$T$445=B119), 7)), "", INDEX(_xlfn._xlws.FILTER([1]加工記録２!$B$3:$B$445, [1]加工記録２!$T$3:$T$445=B119), 7)),"")} -> 4 | H153: 入庫日 | I153: {=IFERROR(IF(ISBLANK(INDEX(_xlfn._xlws.FILTER([1]加工記録２!$O$3:$P$445, [1]加工記録２!$T$3:$T$445=B119), 1)), "", INDEX(_xlfn._xlws.FILTER([1]加工記録２!$O$3:$P$445, [1]加工記録２!$T$3:$T$445=B119), 1)),"")} -> 45831
H154: 入庫数 | I154: {=IFERROR(IF(ISBLANK(INDEX(_xlfn._xlws.FILTER([1]加工記録２!$O$3:$P$445, [1]加工記録２!$T$3:$T$445=B119), 2)), "", INDEX(_xlfn._xlws.FILTER([1]加工記録２!$O$3:$P$445, [1]加工記録２!$T$3:$T$445=B119), 2)),"")} -> 400
A155: 温度換算 | B155: =_xlfn.XLOOKUP(B117,[1]!テーブル5[品目コード],[1]!テーブル5[温度換算],,) -> - | C155: 取数 | D155: 3 | E155: =_xlfn.XLOOKUP(B117,[1]!テーブル5[品目コード],[1]!テーブル5[備考１],,) -> 0 | H155: 使用基材 | I155: {=IFERROR(IF(ISBLANK(INDEX(_xlfn._xlws.FILTER([1]加工記録２!$O$3:$P$445, [1]加工記録２!$T$3:$T$445=B119), 3)), "", INDEX(_xlfn._xlws.FILTER([1]加工記録２!$O$3:$P$445, [1]加工記録２!$T$3:$T$445=B119), 3)),"")} -> 100
H156: 基材不良 | I156: {=IFERROR(IF(ISBLANK(INDEX(_xlfn._xlws.FILTER([1]加工記録２!$O$3:$P$445, [1]加工記録２!$T$3:$T$445=B119), 4)), "", INDEX(_xlfn._xlws.FILTER([1]加工記録２!$O$3:$P$445, [1]加工記録２!$T$3:$T$445=B119), 4)),"")} -> 0
A157: L寸 | B157: =D117 -> 590 | C157: +公差 | D157: =_xlfn.XLOOKUP(B117,[1]!テーブル5[品目コード],[1]!テーブル5[上限公差],,) -> 0 | E157: =_xlfn.XLOOKUP(B117,[1]!テーブル5[品目コード],[1]!テーブル5[備考２],,) -> ※使用基材、取数は依頼書にて確認 | H157: 製品不良 | I157: {=IFERROR(IF(ISBLANK(INDEX(_xlfn._xlws.FILTER([1]加工記録２!$O$3:$P$445, [1]加工記録２!$T$3:$T$445=B119), 5)), "", INDEX(_xlfn._xlws.FILTER([1]加工記録２!$O$3:$P$445, [1]加工記録２!$T$3:$T$445=B119), 5)),"")} -> 0
H158: 端材使用 | I158: {=IFERROR(IF(ISBLANK(INDEX(_xlfn._xlws.FILTER([1]加工記録２!$O$3:$P$445, [1]加工記録２!$T$3:$T$445=B119), 6)), "", INDEX(_xlfn._xlws.FILTER([1]加工記録２!$O$3:$P$445, [1]加工記録２!$T$3:$T$445=B119), 6)),"")} -> 100
...
