Workbook
Name DB: #REF!

Sheet 帳票レイアウト Copy
B1: 検査梱包指示書
A3: 品目番号 | B3: J1JAZZB10802970 | C3: Ｌ寸 | D3: 297 | E3: 名称 | F3: 8FL2813044810 | I3: 上長 | J3: 係員
A5: 製造指図№ | B5: 000000000004069 | E5: 原料名 | F5: (CASE 297MILK-W4)
A7: 発注明細№ | B7: 000000000761437 | E7: 色 名 | F7: J6VZ034
E8: 製品Grp | F8: J1ZB
A9: 開始日 | B9: 45834 | E9: 入り数 | F9: 100
A10: 終了日 | B10: 45834 | E10: 梱包数 | F10: 3 | G10: 指示数量 | H10: 300
E11: 金 型 | F11: 4350
A12: *J1JAZZB10802970* | G12: 格納先 | H12: V3J04 | I12: 樹脂第4倉庫 (在庫)
A14: 指図書備考
A16: 工順 | B16: 製造場所 | C16: 製造場所名 | E16: 工程 | F16: 工程名 | I16: 作業時間
A18: 1 | B18: V3Z01 | C18: 黒部工業 | E18: V3P05 | F18: 切断
A19: 1 | B19: V3Z01 | C19: 黒部工業 | E19: V3P16 | F19: 検査・梱包
A25: 品目コード | C25: 品目名１ | F25: 在庫場所 | G25: 出庫数量 | I25: バッチ必要数
C26: 品目名２ | F26: 指図書備考
A28: J1JAZZA10818200 | C28: @8FL28130 L1820 | F28: V3J04 | G28: 50.1 | I28: 0.501
A29: *J1JAZZA10818200*
A30: J6DW0086 | C30: LED-A300（旧LED-A297） | F30: V3W04 | G30: 3 | I30: 0.03
A31: *J6DW0086* | C31: L300×W275×H166
A32: J6XX0050 | C32: (管理外)筋入ｸﾗﾌﾄ紙 | G32: 0.3 | I32: 0.003
A33: *J6XX0050* | C33: 300＊100
A34: J6XX0051 | C34: (管理外)LLDPE規格ｼｰﾄ0.02×950×100m | G34: 0.3 | I34: 0.003
A35: *J6XX0051* | C35: 0.02×950×100m
A38: 製品名 | E38: 備考、梱包方法等 | H38: 加工内容 | J38: 不良内訳
A39: =_xlfn.XLOOKUP(B3,[1]VFDB2!A:A,[1]VFDB2!B:B) -> 8FL281304 4810 L=297 | E39: =_xlfn.XLOOKUP(B3,[1]!テーブル5[品目コード],[1]!テーブル5[箱名]) -> LED-A300 | G39: =SUM(J48:J55) -> 3 | H39: 入庫日 | I39: {=IF(ISBLANK(INDEX(_xlfn._xlws.FILTER([1]加工記録２!$O$3:$P$500, [1]加工記録２!$T$3:$T$500=B5), 1)), "", INDEX(_xlfn._xlws.FILTER([1]加工記録２!$O$3:$P$500, [1]加工記録２!$T$3:$T$500=B5), 1))} -> 45818 | J39: 2
H40: 入庫数 | I40: {=IF(ISBLANK(INDEX(_xlfn._xlws.FILTER([1]加工記録２!$O$3:$P$500, [1]加工記録２!$T$3:$T$500=B5), 2)), "", INDEX(_xlfn._xlws.FILTER([1]加工記録２!$O$3:$P$500, [1]加工記録２!$T$3:$T$500=B5), 2))} -> 300
A41: 温度換算 | B41: =_xlfn.XLOOKUP(B3,[1]!テーブル5[品目コード],[1]!テーブル5[温度換算],,) -> 〇 | C41: 取数 | D41: =_xlfn.XLOOKUP(B3,[1]!テーブル5[品目コード],[1]!テーブル5[取数],,) -> 6 | E41: =_xlfn.XLOOKUP(B3,[1]!テーブル5[品目コード],[1]!テーブル5[備考１],,) -> 1箱目の梱包数 目視確認 以降、重量測定 | H41: 使用基材 | I41: {=IF(ISBLANK(INDEX(_xlfn._xlws.FILTER([1]加工記録２!$O$3:$P$500, [1]加工記録２!$T$3:$T$500=B5), 3)), "", INDEX(_xlfn._xlws.FILTER([1]加工記録２!$O$3:$P$500, [1]加工記録２!$T$3:$T$500=B5), 3))} -> 51
H42: 基材不良 | I42: {=IF(ISBLANK(INDEX(_xlfn._xlws.FILTER([1]加工記録２!$O$3:$P$500, [1]加工記録２!$T$3:$T$500=B5), 4)), "", INDEX(_xlfn._xlws.FILTER([1]加工記録２!$O$3:$P$500, [1]加工記録２!$T$3:$T$500=B5), 4))} -> 1
A43: L寸 | B43: =D3 -> 297 | C43: +公差 | D43: =_xlfn.XLOOKUP(B3,[1]!テーブル5[品目コード],[1]!テーブル5[上限公差],,) -> +0.5 | E43: =_xlfn.XLOOKUP(B3,[1]!テーブル5[品目コード],[1]!テーブル5[備考２],,) -> クラフト紙：592型 1/2 | H43: 製品不良 | I43: {=IF(ISBLANK(INDEX(_xlfn._xlws.FILTER([1]加工記録２!$O$3:$P$500, [1]加工記録２!$T$3:$T$500=B5), 5)), "", INDEX(_xlfn._xlws.FILTER([1]加工記録２!$O$3:$P$500, [1]加工記録２!$T$3:$T$500=B5), 5))} -> 2
H44: 端材使用 | I44: {=IF(ISBLANK(INDEX(_xlfn._xlws.FILTER([1]加工記録２!$O$3:$P$500, [1]加工記録２!$T$3:$T$500=B5), 6)), "", INDEX(_xlfn._xlws.FILTER([1]加工記録２!$O$3:$P$500, [1]加工記録２!$T$3:$T$500=B5), 6))}
A45: 切断寸法 | B45: =_xlfn.XLOOKUP(B3,[1]!テーブル5[品目コード],[1]!テーブル5[切断寸法],,) -> 換算表確認 | C45: -公差 | D45: =_xlfn.XLOOKUP(B3,[1]!テーブル5[品目コード],[1]!テーブル5[下限公差],,) -> －0.5 | E45: =_xlfn.XLOOKUP(B3,[1]!テーブル5[品目コード],[1]!テーブル5[梱包方法],,) -> ラベル１枚 長手無 鉢巻１回 | H45: 切断者 | I45: {=IF(ISBLANK(INDEX(_xlfn._xlws.FILTER([1]加工記録２!$O$3:$P$500, [1]加工記録２!$T$3:$T$500=B5), 7)), "", INDEX(_xlfn._xlws.FILTER([1]加工記録２!$O$3:$P$500, [1]加工記録２!$T$3:$T$500=B5), 7))} -> 水野
H46: 検査者 | I46: {=IF(ISBLANK(INDEX(_xlfn._xlws.FILTER([1]加工記録２!$O$3:$P$500, [1]加工記録２!$T$3:$T$500=B5), 8)), "", INDEX(_xlfn._xlws.FILTER([1]加工記録２!$O$3:$P$500, [1]加工記録２!$T$3:$T$500=B5), 8))} -> 高森 | J46: 2
A47: 作業日 | B47: 基材Lot | C47: 温度 | D47: 換算寸法 | E47: 計測値 | F47: 使用Lot | G47: B.加工数 | H47: C.基材換算 | I47: 加工Lot | J47: 箱数
A48: {=IF(ISBLANK(INDEX(_xlfn._xlws.FILTER([1]加工記録２!$D$3:$M$500, [1]加工記録２!$T$3:$T$500=B5), 1)), "", INDEX(_xlfn._xlws.FILTER([1]加工記録２!$D$3:$M$500, [1]加工記録２!$T$3:$T$500=B5), 1))} | F48: 25E27-09 | G48: 306 | H48: 51 | I48: 45818 | J48: 3
A49: {=IF(ISBLANK(INDEX(_xlfn._xlws.FILTER([1]加工記録２!$D$3:$M$500, [1]加工記録２!$T$3:$T$500=B5), 2)), "", INDEX(_xlfn._xlws.FILTER([1]加工記録２!$D$3:$M$500, [1]加工記録２!$T$3:$T$500=B5), 2))} -> 45817 | B49: 25E27-09 | C49: 26 | D49: 297.12 | E49: 297.22
A50: {=IF(ISBLANK(INDEX(_xlfn._xlws.FILTER([1]加工記録２!$D$3:$M$500, [1]加工記録２!$T$3:$T$500=B5), 3)), "", INDEX(_xlfn._xlws.FILTER([1]加工記録２!$D$3:$M$500, [1]加工記録２!$T$3:$T$500=B5), 3))} -> 45817 | B50: 25E27-09 | C50: 26 | D50: 297.12 | E50: 297.28
A51: {=IF(ISBLANK(INDEX(_xlfn._xlws.FILTER([1]加工記録２!$D$3:$M$500, [1]加工記録２!$T$3:$T$500=B5), 4)), "", INDEX(_xlfn._xlws.FILTER([1]加工記録２!$D$3:$M$500, [1]加工記録２!$T$3:$T$500=B5), 4))} -> 45818 | B51: 25E27-09 | C51: 22 | D51: 297.04 | E51: 297.28
A52: {=IF(ISBLANK(INDEX(_xlfn._xlws.FILTER([1]加工記録２!$D$3:$M$500, [1]加工記録２!$T$3:$T$500=B5), 5)), "", INDEX(_xlfn._xlws.FILTER([1]加工記録２!$D$3:$M$500, [1]加工記録２!$T$3:$T$500=B5), 5))} -> 45818 | B52: 25E27-09 | C52: 22 | D52: 297.04 | E52: 297.29
A53: {=IF(ISBLANK(INDEX(_xlfn._xlws.FILTER([1]加工記録２!$D$3:$M$500, [1]加工記録２!$T$3:$T$500=B5), 6)), "", INDEX(_xlfn._xlws.FILTER([1]加工記録２!$D$3:$M$500, [1]加工記録２!$T$3:$T$500=B5), 6))}
A54: {=IF(ISBLANK(INDEX(_xlfn._xlws.FILTER([1]加工記録２!$D$3:$M$500, [1]加工記録２!$T$3:$T$500=B5), 7)), "", INDEX(_xlfn._xlws.FILTER([1]加工記録２!$D$3:$M$500, [1]加工記録２!$T$3:$T$500=B5), 7))}
A55: {=IF(ISBLANK(INDEX(_xlfn._xlws.FILTER([1]加工記録２!$D$3:$M$500, [1]加工記録２!$T$3:$T$500=B5), 8)), "", INDEX(_xlfn._xlws.FILTER([1]加工記録２!$D$3:$M$500, [1]加工記録２!$T$3:$T$500=B5), 8))}
B58: 検査梱包指示書
A60: 品目番号 | B60: J1JAZZB10802970 | C60: Ｌ寸 | D60: 297 | E60: 名称 | F60: 8FL2813044810 | I60: 上長 | J60: 係員
A62: 製造指図№ | B62: 000000000004070 | E62: 原料名 | F62: (CASE 297MILK-W4)
A64: 発注明細№ | B64: 000000000761438 | E64: 色 名 | F64: J6VZ034
E65: 製品Grp | F65: J1ZB
A66: 開始日 | B66: 45842 | E66: 入り数 | F66: 100
A67: 終了日 | B67: 45842 | E67: 梱包数 | F67: 3 | G67: 指示数量 | H67: 300
E68: 金 型 | F68: 4350
A69: *J1JAZZB10802970* | G69: 格納先 | H69: V3J04 | I69: 樹脂第4倉庫 (在庫)
A71: 指図書備考
A73: 工順 | B73: 製造場所 | C73: 製造場所名 | E73: 工程 | F73: 工程名 | I73: 作業時間
A75: 1 | B75: V3Z01 | C75: 黒部工業 | E75: V3P05 | F75: 切断
A76: 1 | B76: V3Z01 | C76: 黒部工業 | E76: V3P16 | F76: 検査・梱包
A82: 品目コード | C82: 品目名１ | F82: 在庫場所 | G82: 出庫数量 | I82: バッチ必要数
C83: 品目名２ | F83: 指図書備考
A85: J1JAZZA10818200 | C85: @8FL28130 L1820 | F85: V3J04 | G85: 50.1 | I85: 0.501
A86: *J1JAZZA10818200*
A87: J6DW0086 | C87: LED-A300（旧LED-A297） | F87: V3W04 | G87: 3 | I87: 0.03
A88: *J6DW0086* | C88: L300×W275×H166
A89: J6XX0050 | C89: (管理外)筋入ｸﾗﾌﾄ紙 | G89: 0.3 | I89: 0.003
A90: *J6XX0050* | C90: 300＊100
A91: J6XX0051 | C91: (管理外)LLDPE規格ｼｰﾄ0.02×950×100m | G91: 0.3 | I91: 0.003
A92: *J6XX0051* | C92: 0.02×950×100m
A95: 製品名 | E95: 備考、梱包方法等 | H95: 加工内容 | J95: 不良内訳
A96: =_xlfn.XLOOKUP(B60,[1]VFDB2!A:A,[1]VFDB2!B:B) -> 8FL281304 4810 L=297 | E96: =_xlfn.XLOOKUP(B60,[1]!テーブル5[品目コード],[1]!テーブル5[箱名]) -> LED-A300 | G96: =SUM(J105:J112) -> 3 | H96: 入庫日 | I96: {=IF(ISBLANK(INDEX(_xlfn._xlws.FILTER([1]加工記録２!$O$3:$P$500, [1]加工記録２!$T$3:$T$500=B62), 1)), "", INDEX(_xlfn._xlws.FILTER([1]加工記録２!$O$3:$P$500, [1]加工記録２!$T$3:$T$500=B62), 1))} -> 45818
H97: 入庫数 | I97: {=IF(ISBLANK(INDEX(_xlfn._xlws.FILTER([1]加工記録２!$O$3:$P$500, [1]加工記録２!$T$3:$T$500=B62), 2)), "", INDEX(_xlfn._xlws.FILTER([1]加工記録２!$O$3:$P$500, [1]加工記録２!$T$3:$T$500=B62), 2))} -> 300
A98: 温度換算 | B98: =_xlfn.XLOOKUP(B60,[1]!テーブル5[品目コード],[1]!テーブル5[温度換算],,) -> 〇 | C98: 取数 | D98: =_xlfn.XLOOKUP(B60,[1]!テーブル5[品目コード],[1]!テーブル5[取数],,) -> 6 | E98: =_xlfn.XLOOKUP(B60,[1]!テーブル5[品目コード],[1]!テーブル5[備考１],,) -> 1箱目の梱包数 目視確認 以降、重量測定 | H98: 使用基材 | I98: {=IF(ISBLANK(INDEX(_xlfn._xlws.FILTER([1]加工記録２!$O$3:$P$500, [1]加工記録２!$T$3:$T$500=B62), 3)), "", INDEX(_xlfn._xlws.FILTER([1]加工記録２!$O$3:$P$500, [1]加工記録２!$T$3:$T$500=B62), 3))} -> 48
H99: 基材不良 | I99: {=IF(ISBLANK(INDEX(_xlfn._xlws.FILTER([1]加工記録２!$O$3:$P$500, [1]加工記録２!$T$3:$T$500=B62), 4)), "", INDEX(_xlfn._xlws.FILTER([1]加工記録２!$O$3:$P$500, [1]加工記録２!$T$3:$T$500=B62), 4))} -> 0
A100: L寸 | B100: =D60 -> 297 | C100: +公差 | D100: =_xlfn.XLOOKUP(B60,[1]!テーブル5[品目コード],[1]!テーブル5[上限公差],,) -> +0.5 | E100: =_xlfn.XLOOKUP(B60,[1]!テーブル5[品目コード],[1]!テーブル5[備考２],,) -> クラフト紙：592型 1/2 | H100: 製品不良 | I100: {=IF(ISBLANK(INDEX(_xlfn._xlws.FILTER([1]加工記録２!$O$3:$P$500, [1]加工記録２!$T$3:$T$500=B62), 5)), "", INDEX(_xlfn._xlws.FILTER([1]加工記録２!$O$3:$P$500, [1]加工記録２!$T$3:$T$500=B62), 5))} -> 0
H101: 端材使用 | I101: {=IF(ISBLANK(INDEX(_xlfn._xlws.FILTER([1]加工記録２!$O$3:$P$500, [1]加工記録２!$T$3:$T$500=B62), 6)), "", INDEX(_xlfn._xlws.FILTER([1]加工記録２!$O$3:$P$500, [1]加工記録２!$T$3:$T$500=B62), 6))} -> 12
A102: 切断寸法 | B102: =_xlfn.XLOOKUP(B60,[1]!テーブル5[品目コード],[1]!テーブル5[切断寸法],,) -> 換算表確認 | C102: -公差 | D102: =_xlfn.XLOOKUP(B60,[1]!テーブル5[品目コード],[1]!テーブル5[下限公差],,) -> －0.5 | E102: =_xlfn.XLOOKUP(B60,[1]!テーブル5[品目コード],[1]!テーブル5[梱包方法],,) -> ラベル１枚 長手無 鉢巻１回 | H102: 切断者 | I102: {=IF(ISBLANK(INDEX(_xlfn._xlws.FILTER([1]加工記録２!$O$3:$P$500, [1]加工記録２!$T$3:$T$500=B62), 7)), "", INDEX(_xlfn._xlws.FILTER([1]加工記録２!$O$3:$P$500, [1]加工記録２!$T$3:$T$500=B62), 7))} -> 水野
H103: 検査者 | I103: {=IF(ISBLANK(INDEX(_xlfn._xlws.FILTER([1]加工記録２!$O$3:$P$500, [1]加工記録２!$T$3:$T$500=B62), 8)), "", INDEX(_xlfn._xlws.FILTER([1]加工記録２!$O$3:$P$500, [1]加工記録２!$T$3:$T$500=B62), 8))} -> 高森 | J103: 0
A104: 作業日 | B104: 基材Lot | C104: 温度 | D104: 換算寸法 | E104: 計測値 | F104: 使用Lot | G104: B.加工数 | H104: C.基材換算 | I104: 加工Lot | J104: 箱数
A105: {=IF(ISBLANK(INDEX(_xlfn._xlws.FILTER([1]加工記録２!$D$3:$M$500, [1]加工記録２!$T$3:$T$500=B62), 1)), "", INDEX(_xlfn._xlws.FILTER([1]加工記録２!$D$3:$M$500, [1]加工記録２!$T$3:$T$500=B62), 1))} -> 45814 | B105: 25E27-09 | F105: 25E27-09 | G105: 288 | H105: 48 | I105: 45818 | J105: 3
A106: {=IF(ISBLANK(INDEX(_xlfn._xlws.FILTER([1]加工記録２!$D$3:$M$500, [1]加工記録２!$T$3:$T$500=B62), 2)), "", INDEX(_xlfn._xlws.FILTER([1]加工記録２!$D$3:$M$500, [1]加工記録２!$T$3:$T$500=B62), 2))} -> 45817 | B106: 25E27-09 | C106: 26 | D106: 297.12 | E106: 297.18
A107: {=IF(ISBLANK(INDEX(_xlfn._xlws.FILTER([1]加工記録２!$D$3:$M$500, [1]加工記録２!$T$3:$T$500=B62), 3)), "", INDEX(_xlfn._xlws.FILTER([1]加工記録２!$D$3:$M$500, [1]加工記録２!$T$3:$T$500=B62), 3))} -> 45817 | B107: 25E27-09 | C107: 26 | D107: 297.12 | E107: 297.39
A108: {=IF(ISBLANK(INDEX(_xlfn._xlws.FILTER([1]加工記録２!$D$3:$M$500, [1]加工記録２!$T$3:$T$500=B62), 4)), "", INDEX(_xlfn._xlws.FILTER([1]加工記録２!$D$3:$M$500, [1]加工記録２!$T$3:$T$500=B62), 4))}
A109: {=IF(ISBLANK(INDEX(_xlfn._xlws.FILTER([1]加工記録２!$D$3:$M$500, [1]加工記録２!$T$3:$T$500=B62), 5)), "", INDEX(_xlfn._xlws.FILTER([1]加工記録２!$D$3:$M$500, [1]加工記録２!$T$3:$T$500=B62), 5))}
A110: {=IF(ISBLANK(INDEX(_xlfn._xlws.FILTER([1]加工記録２!$D$3:$M$500, [1]加工記録２!$T$3:$T$500=B62), 6)), "", INDEX(_xlfn._xlws.FILTER([1]加工記録２!$D$3:$M$500, [1]加工記録２!$T$3:$T$500=B62), 6))}
A111: {=IF(ISBLANK(INDEX(_xlfn._xlws.FILTER([1]加工記録２!$D$3:$M$500, [1]加工記録２!$T$3:$T$500=B62), 7)), "", INDEX(_xlfn._xlws.FILTER([1]加工記録２!$D$3:$M$500, [1]加工記録２!$T$3:$T$500=B62), 7))}
A112: {=IF(ISBLANK(INDEX(_xlfn._xlws.FILTER([1]加工記録２!$D$3:$M$500, [1]加工記録２!$T$3:$T$500=B62), 8)), "", INDEX(_xlfn._xlws.FILTER([1]加工記録２!$D$3:$M$500, [1]加工記録２!$T$3:$T$500=B62), 8))}
B115: 検査梱包指示書
A117: 品目番号 | B117: J1JAZZB10808880 | C117: Ｌ寸 | D117: 888 | E117: 名称 | F117: 8FL2813045010 | I117: 上長 | J117: 係員
A119: 製造指図№ | B119: 000000000004071 | E119: 原料名 | F119: (CASE 888MILK-W4)
A121: 発注明細№ | B121: 000000000761439 | E121: 色 名 | F121: J6VZ034
E122: 製品Grp | F122: J1ZB
A123: 開始日 | B123: 45834 | E123: 入り数 | F123: 100
A124: 終了日 | B124: 45834 | E124: 梱包数 | F124: 20 | G124: 指示数量 | H124: 2000
E125: 金 型 | F125: 4350
A126: *J1JAZZB10808880* | G126: 格納先 | H126: V3J04 | I126: 樹脂第4倉庫 (在庫)
A128: 指図書備考
A130: 工順 | B130: 製造場所 | C130: 製造場所名 | E130: 工程 | F130: 工程名 | I130: 作業時間
A132: 1 | B132: V3Z01 | C132: 黒部工業 | E132: V3P05 | F132: 切断
A133: 1 | B133: V3Z01 | C133: 黒部工業 | E133: V3P16 | F133: 検査・梱包
A139: 品目コード | C139: 品目名１ | F139: 在庫場所 | G139: 出庫数量 | I139: バッチ必要数
C140: 品目名２ | F140: 指図書備考
A142: J1JAZZA10818200 | C142: @8FL28130 L1820 | F142: V3J04 | G142: 1000 | I142: 10
A143: *J1JAZZA10818200*
A144: J6DW0089 | C144: LED-A888 | F144: V3Z01 | G144: 20 | I144: 0.2
...
