Workbook
Name DB: #REF!

Sheet 帳票レイアウト Copy
B1: 検査梱包指示書
A3: 品目番号 | B3: J1DAFZB00105500 | C3: Ｌ寸 | D3: 550 | E3: 名称 | F3: 照明ｶﾊﾞｰS15 | I3: 上長 | J3: 係員
A5: 製造指図№ | B5: 000000000009943 | E5: 原料名 | F5: (J6VG005)
A7: 発注明細№ | B7: 000000000811536 | E7: 色 名 | F7: 乳白
E8: 製品Grp | F8: J1ZA
A9: 開始日 | B9: 46015 | E9: 入り数 | F9: 50
A10: 終了日 | B10: 46015 | E10: 梱包数 | F10: 10 | G10: 指示数量 | H10: 500
E11: 金 型 | F11: 4171
A12: *J1DAFZB00105500* | G12: 格納先 | H12: V3J03 | I12: 樹脂第3倉庫 (在庫)
A14: 指図書備考
A16: 工順 | B16: 製造場所 | C16: 製造場所名 | E16: 工程 | F16: 工程名 | I16: 作業時間
A18: 1 | B18: V3Z01 | C18: 黒部工業 | E18: V3P16 | F18: 検査・梱包
A19: 1 | B19: V3Z01 | C19: 黒部工業 | E19: V3P05 | F19: 切断
A25: 品目コード | C25: 品目名１ | F25: 在庫場所 | G25: 出庫数量 | I25: バッチ必要数
C26: 品目名２ | F26: 指図書備考
A28: J1DAFZA00117200 | C28: @照明ｶﾊﾞｰ | F28: V3W04 | G28: 166.5 | I28: 3.33
A29: *J1DAFZA00117200* | C29: (J6VG005)
A38: 製品名 | E38: 備考、梱包方法等 | G38: 使用数 | H38: 加工内容 | J38: 不良内訳
A39: =_xlfn.XLOOKUP(B3,[1]VFDB2!A:A,[1]VFDB2!B:B) -> 照明ｶﾊﾞｰS15 L=550 | E39: 基材梱包箱使用 | G39: - | H39: 入庫日 | I39: {=IFERROR(IF(ISBLANK(INDEX(_xlfn._xlws.FILTER([1]加工記録２!$O$3:$P$999564, [1]加工記録２!$T$3:$T$999564=B5), 1)), "", INDEX(_xlfn._xlws.FILTER([1]加工記録２!$O$3:$P$999564, [1]加工記録２!$T$3:$T$999564=B5), 1)),"")} -> 45993
H40: 入庫数 | I40: {=IFERROR(IF(ISBLANK(INDEX(_xlfn._xlws.FILTER([1]加工記録２!$O$3:$P$999564, [1]加工記録２!$T$3:$T$999564=B5), 2)), "", INDEX(_xlfn._xlws.FILTER([1]加工記録２!$O$3:$P$999564, [1]加工記録２!$T$3:$T$999564=B5), 2)),"")} -> 500
A41: 温度換算 | B41: =_xlfn.XLOOKUP(B3,[1]VFDB2!A:A,[1]VFDB2!J:J) -> 〇 | C41: 取数 | D41: =_xlfn.XLOOKUP(B3,[1]VFDB2!A:A,[1]VFDB2!P:P) -> 3 | E41: =_xlfn.XLOOKUP(B3,[1]VFDB2!A:A,[1]VFDB2!V:V) -> 0 | H41: 使用基材 | I41: {=IFERROR(IF(ISBLANK(INDEX(_xlfn._xlws.FILTER([1]加工記録２!$O$3:$P$999564, [1]加工記録２!$T$3:$T$999564=B5), 3)), "", INDEX(_xlfn._xlws.FILTER([1]加工記録２!$O$3:$P$999564, [1]加工記録２!$T$3:$T$999564=B5), 3)),"")} -> 167
H42: 基材不良 | I42: {=IFERROR(IF(ISBLANK(INDEX(_xlfn._xlws.FILTER([1]加工記録２!$O$3:$P$999564, [1]加工記録２!$T$3:$T$999564=B5), 4)), "", INDEX(_xlfn._xlws.FILTER([1]加工記録２!$O$3:$P$999564, [1]加工記録２!$T$3:$T$999564=B5), 4)),"")} -> 0
A43: L寸 | B43: =D3 -> 550 | C43: +公差 | D43: =_xlfn.XLOOKUP(B3,[1]VFDB2!A:A,[1]VFDB2!L:L) -> +1 | E43: =_xlfn.XLOOKUP(B3,[1]VFDB2!A:A,[1]VFDB2!W:W) -> 0 | H43: 製品不良 | I43: {=IFERROR(IF(ISBLANK(INDEX(_xlfn._xlws.FILTER([1]加工記録２!$O$3:$P$999564, [1]加工記録２!$T$3:$T$999564=B5), 5)), "", INDEX(_xlfn._xlws.FILTER([1]加工記録２!$O$3:$P$999564, [1]加工記録２!$T$3:$T$999564=B5), 5)),"")} -> 0
H44: 端材使用 | I44: {=IFERROR(IF(ISBLANK(INDEX(_xlfn._xlws.FILTER([1]加工記録２!$O$3:$P$999564, [1]加工記録２!$T$3:$T$999564=B5), 6)), "", INDEX(_xlfn._xlws.FILTER([1]加工記録２!$O$3:$P$999564, [1]加工記録２!$T$3:$T$999564=B5), 6)),"")} -> 0
A45: 切断寸法 | B45: =_xlfn.XLOOKUP(B3,[1]VFDB2!A:A,[1]VFDB2!AC:AC) -> 換算表確認 | C45: -公差 | D45: =_xlfn.XLOOKUP(B3,[1]VFDB2!A:A,[1]VFDB2!K:K) -> -1 | E45: =_xlfn.XLOOKUP(B3,[1]VFDB2!A:A,[1]VFDB2!R:R) -> ラベル２枚 長手有 鉢巻無 | H45: 切断者 | I45: {=IFERROR(IF(ISBLANK(INDEX(_xlfn._xlws.FILTER([1]加工記録２!$M$3:$M$999564, [1]加工記録２!$T$3:$T$999564=B5), 6)), "", INDEX(_xlfn._xlws.FILTER([1]加工記録２!$M$3:$M$999564, [1]加工記録２!$T$3:$T$999564=B5), 6)),"")} -> m | J45: {=IFERROR(IF(ISBLANK(INDEX(_xlfn._xlws.FILTER([1]加工記録２!$P$3:$P$999564, [1]加工記録２!$T$3:$T$999564=B5), 7)), "", INDEX(_xlfn._xlws.FILTER([1]加工記録２!$P$3:$P$999564, [1]加工記録２!$T$3:$T$999564=B5), 7)),"")}
H46: 検査者 | I46: {=IFERROR(IF(ISBLANK(INDEX(_xlfn._xlws.FILTER([1]加工記録２!$M$3:$M$999564, [1]加工記録２!$T$3:$T$999564=B5), 7)), "", INDEX(_xlfn._xlws.FILTER([1]加工記録２!$M$3:$M$999564, [1]加工記録２!$T$3:$T$999564=B5), 7)),"")} -> m | J46: =SUM(J39:J45) -> 0
A47: 作業日 | B47: 計測Lot | C47: 温度 | D47: 換算寸法 | E47: 計測値 | F47: 使用Lot | G47: 加工数 | H47: 基材換算 | I47: 加工Lot | J47: 箱数
A48: {=IFERROR(IF(ISBLANK(INDEX(_xlfn._xlws.FILTER([1]加工記録２!$D$3:$M$999564, [1]加工記録２!$T$3:$T$999564=B5), 1)), "", INDEX(_xlfn._xlws.FILTER([1]加工記録２!$D$3:$M$999564, [1]加工記録２!$T$3:$T$999564=B5), 1)),"")} | F48: 0 | H48: 0 | I48: 45993 | J48: 10
A49: {=IFERROR(IF(ISBLANK(INDEX(_xlfn._xlws.FILTER([1]加工記録２!$D$3:$M$999564, [1]加工記録２!$T$3:$T$999564=B5), 2)), "", INDEX(_xlfn._xlws.FILTER([1]加工記録２!$D$3:$M$999564, [1]加工記録２!$T$3:$T$999564=B5), 2)),"")} -> 45993 | B49: 25A17A | C49: 20 | D49: 550 | E49: 549.9 | F49: 25A17A | G49: 480 | H49: 160
A50: {=IFERROR(IF(ISBLANK(INDEX(_xlfn._xlws.FILTER([1]加工記録２!$D$3:$M$999564, [1]加工記録２!$T$3:$T$999564=B5), 3)), "", INDEX(_xlfn._xlws.FILTER([1]加工記録２!$D$3:$M$999564, [1]加工記録２!$T$3:$T$999564=B5), 3)),"")} -> 45993 | B50: 004H19 | C50: 18 | D50: 549.9 | E50: 549.9 | F50: 004H19 | G50: 20 | H50: 7
A51: {=IFERROR(IF(ISBLANK(INDEX(_xlfn._xlws.FILTER([1]加工記録２!$D$3:$M$999564, [1]加工記録２!$T$3:$T$999564=B5), 4)), "", INDEX(_xlfn._xlws.FILTER([1]加工記録２!$D$3:$M$999564, [1]加工記録２!$T$3:$T$999564=B5), 4)),"")} | H51: 0
A52: {=IFERROR(IF(ISBLANK(INDEX(_xlfn._xlws.FILTER([1]加工記録２!$D$3:$M$999564, [1]加工記録２!$T$3:$T$999564=B5), 5)), "", INDEX(_xlfn._xlws.FILTER([1]加工記録２!$D$3:$M$999564, [1]加工記録２!$T$3:$T$999564=B5), 5)),"")} | H52: 0
A53: {=IFERROR(IF(ISBLANK(INDEX(_xlfn._xlws.FILTER([1]加工記録２!$D$3:$K$999564, [1]加工記録２!$T$3:$T$999564=B5), 6)), "", INDEX(_xlfn._xlws.FILTER([1]加工記録２!$D$3:$K$999564, [1]加工記録２!$T$3:$T$999564=B5), 6)),"")} | H53: 0
A54: {=IFERROR(IF(ISBLANK(INDEX(_xlfn._xlws.FILTER([1]加工記録２!$D$3:$K$999564, [1]加工記録２!$T$3:$T$999564=B5), 7)), "", INDEX(_xlfn._xlws.FILTER([1]加工記録２!$D$3:$K$999564, [1]加工記録２!$T$3:$T$999564=B5), 7)),"")} | H54: 0
A55: {=IFERROR(IF(ISBLANK(INDEX(_xlfn._xlws.FILTER([1]加工記録２!$D$3:$K$999564, [1]加工記録２!$T$3:$T$999564=B5), 8)), "", INDEX(_xlfn._xlws.FILTER([1]加工記録２!$D$3:$K$999564, [1]加工記録２!$T$3:$T$999564=B5), 8)),"")} | H55: 0 | I55: 端数品
