Workbook
Name DB: #REF!

Sheet 帳票レイアウト Copy
B1: 検査梱包指示書
A3: 品目番号 | B3: J1ZAFJB00106133 | C3: Ｌ寸 | D3: 613 | E3: 名称 | F3: 463301-2160灯具ｶﾊﾞｰPC | I3: 上長 | J3: 係員
A5: 製造指図№ | B5: 000000000012155 | E5: 原料名 | F5: J6VZ041
A7: 発注明細№ | B7: 000000000832424 | E7: 色 名 | F7: 拡散
E8: 製品Grp | F8: J1ZA
A9: 開始日 | B9: 46084 | E9: 入り数 | F9: 2
A10: 終了日 | B10: 46084 | E10: 梱包数 | F10: 10 | G10: 指示数量 | H10: 20
E11: 金 型 | F11: 4317
A12: *J1ZAFJB00106133* | G12: 格納先 | H12: V3J03 | I12: 樹脂第3倉庫 (在庫)
A14: 指図書備考
A16: 工順 | B16: 製造場所 | C16: 製造場所名 | E16: 工程 | F16: 工程名 | I16: 作業時間
A18: 1 | B18: V3Z01 | C18: 黒部工業 | E18: V3P05 | F18: 切断
A19: 1 | B19: V3Z01 | C19: 黒部工業 | E19: V3P16 | F19: 検査・梱包
A20: 1 | B20: V3Z01 | C20: 黒部工業 | E20: V3P13 | F20: 捺印
A25: 品目コード | C25: 品目名１ | F25: 在庫場所 | G25: 出庫数量 | I25: バッチ必要数
C26: 品目名２ | F26: 指図書備考
A28: J1ZAFJA00211835 | C28: @463301-2050灯具ｶﾊﾞｰPCIN | F28: V3J04 | G28: 10 | I28: 5
A29: *J1ZAFJA00211835* | C29: J6VZ041
A30: J6DK0027 | C30: H型ｼﾞｮｲﾅ- | F30: V3J03 | G30: 10 | I30: 5
A31: *J6DK0027*
A38: 温度換算 | B38: L寸 | C38: 梱包箱 | E38: 使用数 | F38: 作業者 | G38: 加工Lot | H38: 箱数 | I38: 加工明細
A39: =_xlfn.XLOOKUP(B3,[1]VFDB2!$A:$A,[1]VFDB2!$J:$J) -> 〇 | B39: =D3 -> 613 | C39: =_xlfn.XLOOKUP(B3,[1]VFDB2!$A:$A,[1]VFDB2!$Z:$Z) -> H型ジョイナー端材 | E39: {=IFERROR(INDEX(_xlfn._xlws.FILTER([2]加工記録２!C:C,[2]加工記録２!U:U=B5),9),"")} | F39: {=IFERROR("切断加工：" &_xlfn.TEXTJOIN(" / ",TRUE,INDEX(_xlfn._xlws.FILTER([2]加工記録２!M:M,[2]加工記録２!U:U=B5),9),INDEX(_xlfn._xlws.FILTER([2]加工記録２!N:N,[2]加工記録２!U:U=B5),9)),"")} | G39: {=IFERROR(IF(_xlfn.TAKE(_xlfn._xlws.FILTER([2]加工記録２!$M:$N,[2]加工記録２!$U:$U=B5),5)=0,"",_xlfn.TAKE(_xlfn._xlws.FILTER([2]加工記録２!$M:$N,[2]加工記録２!$U:$U=B5),5)),"")} | I39: 入庫日 | J39: {=IFERROR(INDEX(_xlfn._xlws.FILTER([2]加工記録２!P:P, [2]加工記録２!U:U=B5),_xlfn.SEQUENCE(6)),"")}
A40: +公差 | B40: 切断寸法 | F40: {=IFERROR("外観検査：" &_xlfn.TEXTJOIN(" / ",TRUE,INDEX(_xlfn._xlws.FILTER([2]加工記録２!M:M,[2]加工記録２!U:U=B5),10),INDEX(_xlfn._xlws.FILTER([2]加工記録２!N:N,[2]加工記録２!U:U=B5),10)),"")} | I40: 入庫数
A41: =_xlfn.XLOOKUP(B3,[1]VFDB2!$A:$A,[1]VFDB2!$L:$L) -> +2 | B41: =_xlfn.XLOOKUP(B3,[1]VFDB2!$A:$A,[1]VFDB2!$AC:$AC) -> 換算表確認 | C41: 梱包 方法 | D41: =_xlfn.XLOOKUP(B3,[1]VFDB2!$A:$A,[1]VFDB2!$W:$W) -> クラフト紙：1370型 1/2 | I41: 使用基材数
A42: -公差 | B42: 取数 | D42: =_xlfn.XLOOKUP(B3,[1]VFDB2!$A:$A,[1]VFDB2!$R:$R) -> ラベル２枚 長手有 鉢巻無 | I42: 製品不良
A43: =_xlfn.XLOOKUP(B3,[1]VFDB2!$A:$A,[1]VFDB2!$K:$K) -> -2 | B43: =_xlfn.XLOOKUP(B3,[1]VFDB2!$A:$A,[1]VFDB2!$P:$P) -> 2 | C43: 備考 | D43: =_xlfn.XLOOKUP(B3,[1]VFDB2!$A:$A,[1]VFDB2!$V:$V) -> 梱包箱:薄型1334 1/2 | I43: 基材不良
A44: 作業日 | B44: {=IF(SUM(--(ISTEXT(B45:B55)*(B45:B55<>"")))=0,"計測Lot","計測Lot・加工数")} -> 計測Lot | C44: 温度 | D44: 換算 | E44: 計測値 | F44: {=IF(SUM(--(ISTEXT(B45:B55)*(B45:B55<>"")))=0,"記入不要","使用Lot")} -> 記入不要 | G44: 加工数 | H44: 基材換算 | I44: 端材使用
A45: {=IFERROR(INDEX(_xlfn._xlws.FILTER([2]加工記録２!$D:$D,[2]加工記録２!$U:$U=B5),_xlfn.SEQUENCE(11),0),"")} | B45: {=IFERROR(IF(INDEX(_xlfn._xlws.FILTER([2]加工記録２!$E:$E,[2]加工記録２!$U:$U=B5),_xlfn.SEQUENCE(11))="","",INDEX(_xlfn._xlws.FILTER([2]加工記録２!$E:$E,[2]加工記録２!$U:$U=B5),_xlfn.SEQUENCE(11)) & IF(INDEX(_xlfn._xlws.FILTER([2]加工記録２!$F:$F,[2]加工記録２!$U:$U=B5),_xlfn.SEQUENCE(11))="","", " × " & INDEX(_xlfn._xlws.FILTER([2]加工記録２!$F:$F,[2]加工記録２!$U:$U=B5),_xlfn.SEQUENCE(11)))),"")} | C45: {=IFERROR(IF(_xlfn.TAKE(_xlfn._xlws.FILTER([2]加工記録２!$G:$L,[2]加工記録２!$U:$U=B5),11)=0,"",_xlfn.TAKE(_xlfn._xlws.FILTER([2]加工記録２!$G:$L,[2]加工記録２!$U:$U=B5),11)),"")} | I45: 不良内訳
I46: キズ | J46: {=IFERROR(INDEX(_xlfn._xlws.FILTER([2]加工記録２!R:R, [2]加工記録２!U:U=B5),_xlfn.SEQUENCE(10)),"")}
I47: 凹み
I48: 異物
I49: 欠け
I50: メヤニ
I51: ベコツキ
I52: 汚損
I53: 形状異常
I54: その他
I55: 合計
