Workbook
Name DB: #REF!

Sheet 帳票レイアウト Copy
B1: 検査梱包指示書
A3: 品目番号 | B3: J1AAEDB02825740 | C3: Ｌ寸 | D3: 2574 | E3: 名称 | F3: MDPQ-689B L4 | I3: 上長 | J3: 係員
A5: 製造指図№ | B5: 000000000008804 | E5: 原料名 | F5: (J1VR854G)
A7: 発注明細№ | B7: 000000000802079 | E7: 色 名 | F7: ｼｮｺﾗｰﾃﾞ(E-80)
E8: 製品Grp | F8: J1AA
A9: 開始日 | B9: 45961 | E9: 入り数 | F9: 100
A10: 終了日 | B10: 45961 | E10: 梱包数 | F10: 1 | G10: 指示数量 | H10: 100
E11: 金 型 | F11: 3225
A12: *J1AAEDB02825740* | G12: 格納先 | H12: V3J03 | I12: 樹脂第3倉庫 (在庫)
A14: 指図書備考
A16: 工順 | B16: 製造場所 | C16: 製造場所名 | E16: 工程 | F16: 工程名 | I16: 作業時間
A18: 1 | B18: V3Z01 | C18: 黒部工業 | E18: V3P16 | F18: 検査・梱包
A19: 1 | B19: V3Z01 | C19: 黒部工業 | E19: V3P05 | F19: 切断
A25: 品目コード | C25: 品目名１ | F25: 在庫場所 | G25: 出庫数量 | I25: バッチ必要数
C26: 品目名２ | F26: 指図書備考
A28: J1AAEDA02826200 | C28: @MDPQ-689 | F28: V3J03 | G28: 100 | I28: 1
A29: *J1AAEDA02826200* | C29: (J1VR854G)
A38: 製品名 | E38: 備考、梱包方法等 | G38: 使用数 | H38: 加工内容 | J38: 不良内訳
A39: =_xlfn.XLOOKUP(B3,[1]VFDB2!A:A,[1]VFDB2!B:B) -> MDPQ-689B L4 L=2574 | E39: - | G39: - | H39: 入庫日 | I39: {=IFERROR(IF(ISBLANK(INDEX(_xlfn._xlws.FILTER([1]加工記録２!$O$3:$P$999991, [1]加工記録２!$T$3:$T$999991=B5), 1)), "", INDEX(_xlfn._xlws.FILTER([1]加工記録２!$O$3:$P$999991, [1]加工記録２!$T$3:$T$999991=B5), 1)),"")} -> 45959
H40: 入庫数 | I40: {=IFERROR(IF(ISBLANK(INDEX(_xlfn._xlws.FILTER([1]加工記録２!$O$3:$P$999991, [1]加工記録２!$T$3:$T$999991=B5), 2)), "", INDEX(_xlfn._xlws.FILTER([1]加工記録２!$O$3:$P$999991, [1]加工記録２!$T$3:$T$999991=B5), 2)),"")} -> 100
A41: 温度換算 | B41: =_xlfn.XLOOKUP(B3,[1]VFDB2!A:A,[1]VFDB2!J:J) -> - | C41: 取数 | D41: =_xlfn.XLOOKUP(B3,[1]VFDB2!A:A,[1]VFDB2!P:P) -> 1 | E41: =_xlfn.XLOOKUP(B3,[1]VFDB2!A:A,[1]VFDB2!V:V) -> 寸法Wチェック | H41: 使用基材 | I41: {=IFERROR(IF(ISBLANK(INDEX(_xlfn._xlws.FILTER([1]加工記録２!$O$3:$P$999991, [1]加工記録２!$T$3:$T$999991=B5), 3)), "", INDEX(_xlfn._xlws.FILTER([1]加工記録２!$O$3:$P$999991, [1]加工記録２!$T$3:$T$999991=B5), 3)),"")} -> 100
H42: 基材不良 | I42: {=IFERROR(IF(ISBLANK(INDEX(_xlfn._xlws.FILTER([1]加工記録２!$O$3:$P$999991, [1]加工記録２!$T$3:$T$999991=B5), 4)), "", INDEX(_xlfn._xlws.FILTER([1]加工記録２!$O$3:$P$999991, [1]加工記録２!$T$3:$T$999991=B5), 4)),"")} -> 0
A43: L寸 | B43: =D3 -> 2574 | C43: +公差 | D43: =_xlfn.XLOOKUP(B3,[1]VFDB2!A:A,[1]VFDB2!L:L) -> +1.5 | E43: =_xlfn.XLOOKUP(B3,[1]VFDB2!A:A,[1]VFDB2!W:W) -> 専用スケール使用 | H43: 製品不良 | I43: {=IFERROR(IF(ISBLANK(INDEX(_xlfn._xlws.FILTER([1]加工記録２!$O$3:$P$999991, [1]加工記録２!$T$3:$T$999991=B5), 5)), "", INDEX(_xlfn._xlws.FILTER([1]加工記録２!$O$3:$P$999991, [1]加工記録２!$T$3:$T$999991=B5), 5)),"")} -> 0
H44: 端材使用 | I44: {=IFERROR(IF(ISBLANK(INDEX(_xlfn._xlws.FILTER([1]加工記録２!$O$3:$P$999991, [1]加工記録２!$T$3:$T$999991=B5), 6)), "", INDEX(_xlfn._xlws.FILTER([1]加工記録２!$O$3:$P$999991, [1]加工記録２!$T$3:$T$999991=B5), 6)),"")} -> 0
A45: 切断寸法 | B45: =_xlfn.XLOOKUP(B3,[1]VFDB2!A:A,[1]VFDB2!AC:AC) -> 2575 | C45: -公差 | D45: =_xlfn.XLOOKUP(B3,[1]VFDB2!A:A,[1]VFDB2!K:K) -> -0.5 | E45: =_xlfn.XLOOKUP(B3,[1]VFDB2!A:A,[1]VFDB2!R:R) -> ラベル２枚 長手有 鉢巻２ | H45: 切断者 | I45: {=IFERROR(IF(ISBLANK(INDEX(_xlfn._xlws.FILTER([1]加工記録２!$O$3:$P$999991, [1]加工記録２!$T$3:$T$999991=B5), 7)), "", INDEX(_xlfn._xlws.FILTER([1]加工記録２!$O$3:$P$999991, [1]加工記録２!$T$3:$T$999991=B5), 7)),"")} -> M
H46: 検査者 | I46: {=IFERROR(IF(ISBLANK(INDEX(_xlfn._xlws.FILTER([1]加工記録２!$O$3:$P$999991, [1]加工記録２!$T$3:$T$999991=B5), 8)), "", INDEX(_xlfn._xlws.FILTER([1]加工記録２!$O$3:$P$999991, [1]加工記録２!$T$3:$T$999991=B5), 8)),"")} -> M | J46: 0
A47: 作業日 | B47: 計測Lot | C47: 温度 | D47: 換算寸法 | E47: 計測値 | F47: 使用Lot | G47: 加工数 | H47: 基材換算 | I47: 加工Lot | J47: 箱数
A48: {=IFERROR(IF(ISBLANK(INDEX(_xlfn._xlws.FILTER([1]加工記録２!$D$3:$M$999991, [1]加工記録２!$T$3:$T$999991=B5), 1)), "", INDEX(_xlfn._xlws.FILTER([1]加工記録２!$D$3:$M$999991, [1]加工記録２!$T$3:$T$999991=B5), 1)),"")} | F48: 0 | G48: 0 | H48: 0 | I48: 45959 | J48: 1
A49: {=IFERROR(IF(ISBLANK(INDEX(_xlfn._xlws.FILTER([1]加工記録２!$D$3:$M$999991, [1]加工記録２!$T$3:$T$999991=B5), 2)), "", INDEX(_xlfn._xlws.FILTER([1]加工記録２!$D$3:$M$999991, [1]加工記録２!$T$3:$T$999991=B5), 2)),"")} -> 45959 | B49: 21L09B ③ | D49: 2574 | E49: 2574.5 | F49: 21L09B ③ | G49: 100 | H49: 100
A50: {=IFERROR(IF(ISBLANK(INDEX(_xlfn._xlws.FILTER([1]加工記録２!$D$3:$M$999991, [1]加工記録２!$T$3:$T$999991=B5), 3)), "", INDEX(_xlfn._xlws.FILTER([1]加工記録２!$D$3:$M$999991, [1]加工記録２!$T$3:$T$999991=B5), 3)),"")} -> 45959 | B50: 21L09B ③ | D50: 2574 | E50: 2573.9 | H50: 0
A51: {=IFERROR(IF(ISBLANK(INDEX(_xlfn._xlws.FILTER([1]加工記録２!$D$3:$M$999991, [1]加工記録２!$T$3:$T$999991=B5), 4)), "", INDEX(_xlfn._xlws.FILTER([1]加工記録２!$D$3:$M$999991, [1]加工記録２!$T$3:$T$999991=B5), 4)),"")} | D51: 2574 | H51: 0
A52: {=IFERROR(IF(ISBLANK(INDEX(_xlfn._xlws.FILTER([1]加工記録２!$D$3:$M$999991, [1]加工記録２!$T$3:$T$999991=B5), 5)), "", INDEX(_xlfn._xlws.FILTER([1]加工記録２!$D$3:$M$999991, [1]加工記録２!$T$3:$T$999991=B5), 5)),"")} | D52: 2574 | H52: 0
A53: {=IFERROR(IF(ISBLANK(INDEX(_xlfn._xlws.FILTER([1]加工記録２!$D$3:$M$999991, [1]加工記録２!$T$3:$T$999991=B5), 6)), "", INDEX(_xlfn._xlws.FILTER([1]加工記録２!$D$3:$M$999991, [1]加工記録２!$T$3:$T$999991=B5), 6)),"")} | D53: 2574 | H53: 0 | I53: 旧品加工
A54: {=IFERROR(IF(ISBLANK(INDEX(_xlfn._xlws.FILTER([1]加工記録２!$D$3:$M$999991, [1]加工記録２!$T$3:$T$999991=B5), 7)), "", INDEX(_xlfn._xlws.FILTER([1]加工記録２!$D$3:$M$999991, [1]加工記録２!$T$3:$T$999991=B5), 7)),"")} | D54: 2574 | H54: 0 | I54: 持出端材
A55: {=IFERROR(IF(ISBLANK(INDEX(_xlfn._xlws.FILTER([1]加工記録２!$D$3:$M$999991, [1]加工記録２!$T$3:$T$999991=B5), 8)), "", INDEX(_xlfn._xlws.FILTER([1]加工記録２!$D$3:$M$999991, [1]加工記録２!$T$3:$T$999991=B5), 8)),"")} | D55: 2574 | H55: 0 | I55: α端材 | J55: 0
